employee_id,dept_id,level,hire_date,exit_date,is_active,annual_salary_inr,engagement_score,performance_rating,manager_changes_last_2yrs,work_mode,gender
E10000,2,Associate,2026-01-18,2026-04-16,False,1170000,2.93,4,2,Hybrid,Female
E10001,7,Analyst,2026-04-01,,True,788000,3.36,3,1,Onsite,Male
E10002,5,Associate,2019-01-01,,True,1003000,2.9,4,1,Onsite,Male
E10003,4,Associate,2025-10-12,,True,1073000,3.63,3,1,Hybrid,Male
E10004,1,Senior Associate,2020-08-19,,True,1326000,3.21,3,0,Onsite,Female
E10005,1,Senior Associate,2023-10-26,,True,1403000,2.55,3,0,Onsite,Male
E10006,1,Associate,2026-03-23,,True,1049000,4.48,3,0,Onsite,Female
E10007,6,Analyst,2019-01-01,,True,834000,3.25,3,2,Onsite,Male
E10008,4,VP,2025-07-13,,True,6941000,2.71,3,0,Hybrid,Male
E10009,5,Associate,2019-10-23,,True,1105000,3.48,5,0,Onsite,Female
E10010,1,Senior Associate,2025-11-13,2026-03-24,False,1748000,3.65,3,0,Hybrid,Male
E10011,7,Analyst,2019-12-11,,True,706000,2.38,4,0,Onsite,Male
E10012,6,Associate,2026-06-15,,True,1145000,3.83,5,0,Onsite,Male
E10013,1,Analyst,2024-01-21,,True,841000,2.87,1,1,Onsite,Male
E10014,1,Associate,2021-07-01,,True,971000,4.8,4,0,Hybrid,Male
E10015,1,Director,2019-01-01,,True,4304000,3.97,3,1,Remote,Female
E10016,1,Associate,2019-01-01,,True,1243000,3.32,2,1,Hybrid,Female
E10017,3,Analyst,2020-08-30,,True,871000,3.08,3,1,Remote,Male
E10018,2,Analyst,2019-01-13,,True,685000,3.53,5,0,Onsite,Male
E10019,1,Associate,2025-09-28,,True,923000,4.03,1,2,Onsite,Female
E10020,4,Analyst,2025-05-11,,True,696000,3.58,3,0,Onsite,Male
E10021,1,Analyst,2025-05-03,,True,727000,3.45,3,0,Onsite,Female
E10022,1,Manager,2024-11-19,2026-05-11,False,2214000,3.64,4,0,Onsite,Female
E10023,2,Associate,2024-10-18,,True,1117000,3.18,2,1,Onsite,Female
E10024,2,Associate,2023-10-27,,True,1215000,3.36,4,0,Onsite,Female
E10025,5,Senior Manager,2025-11-27,,True,2945000,2.14,4,1,Onsite,Female
E10026,1,Analyst,2022-06-30,,True,838000,4.28,4,2,Onsite,Female
E10027,3,Director,2025-11-15,,True,3917000,3.81,5,1,Onsite,Male
E10028,4,Associate,2025-03-26,,True,915000,3.06,4,0,Remote,Female
E10029,1,Senior Manager,2024-02-11,,True,3122000,4.93,2,0,Onsite,Male
E10030,4,Senior Associate,2021-01-27,,True,1335000,3.66,3,0,Hybrid,Male
E10031,1,Manager,2021-12-01,,True,2178000,2.87,3,2,Hybrid,Male
E10032,1,VP,2022-12-19,,True,7890000,4.2,3,1,Onsite,Female
E10033,7,Associate,2025-12-03,,True,985000,3.88,3,1,Onsite,Male
E10034,7,Director,2023-10-20,,True,4818000,3.88,3,0,Onsite,Female
E10035,6,Associate,2026-03-10,,True,1006000,3.3,3,2,Hybrid,Female
E10036,1,Associate,2024-11-19,,True,916000,3.92,5,0,Onsite,Male
E10037,1,Associate,2024-09-05,,True,1095000,3.42,2,2,Onsite,Female
E10038,5,Senior Associate,2026-05-12,,True,1729000,3.99,5,0,Onsite,Female
E10039,2,Analyst,2025-05-29,2026-02-25,False,730000,2.27,3,0,Remote,Female
E10040,1,Senior Associate,2019-01-01,,True,1618000,3.3,4,1,Onsite,Male
E10041,2,Senior Associate,2019-01-01,,True,1762000,4.81,4,0,Hybrid,Female
E10042,1,Manager,2025-01-07,,True,2470000,3.06,3,1,Hybrid,Female
E10043,7,Manager,2026-05-08,,True,2032000,3.18,3,1,Remote,Male
E10044,1,Associate,2025-10-29,,True,1157000,3.29,3,0,Hybrid,Male
E10045,5,Associate,2024-10-20,,True,1076000,2.75,3,0,Hybrid,Male
E10046,1,Analyst,2019-01-01,,True,813000,2.05,5,0,Remote,Female
E10047,3,Analyst,2025-12-24,2026-06-28,False,751000,3.44,4,1,Hybrid,Male
E10048,3,Analyst,2021-08-02,,True,661000,3.7,2,0,Onsite,Male
E10049,1,Associate,2026-02-08,,True,1099000,3.56,2,0,Onsite,Female
E10050,7,Analyst,2019-01-01,,True,751000,3.5,3,0,Hybrid,Male
E10051,5,Director,2024-11-10,,True,4541000,3.63,2,1,Hybrid,Female
E10052,7,Senior Associate,2021-05-31,,True,1751000,4.32,4,0,Hybrid,Male
E10053,7,Associate,2025-01-25,,True,1213000,3.47,2,1,Hybrid,Male
E10054,4,Senior Associate,2023-02-18,2025-08-07,False,1535000,3.2,3,3,Hybrid,Male
E10055,7,Analyst,2025-10-09,2025-11-16,False,742000,3.4,1,2,Onsite,Female
E10056,1,Associate,2025-12-17,,True,1080000,4.01,3,0,Hybrid,Female
E10057,1,Senior Associate,2019-01-01,,True,1569000,4.59,4,0,Onsite,Female
E10058,1,Associate,2019-01-01,,True,1233000,3.16,3,0,Remote,Female
E10059,1,Associate,2019-01-21,,True,1127000,3.67,5,1,Hybrid,Male
E10060,2,VP,2023-02-25,,True,6481000,3.84,4,0,Hybrid,Male
E10061,1,Senior Manager,2020-11-14,,True,3150000,2.91,3,0,Onsite,Male
E10062,6,Senior Associate,2026-04-03,,True,1623000,3.61,2,0,Onsite,Female
E10063,2,Senior Associate,2025-02-09,,True,1630000,2.57,4,1,Onsite,Female
E10064,1,Senior Associate,2025-03-20,,True,1602000,2.36,5,1,Hybrid,Male
E10065,3,Analyst,2023-01-22,,True,674000,3.86,4,1,Hybrid,Female
E10066,1,Associate,2024-12-31,,True,912000,3.33,2,0,Onsite,Female
E10067,6,Analyst,2025-12-13,,True,713000,3.74,5,1,Hybrid,Male
E10068,1,Associate,2023-05-29,,True,1050000,3.59,3,0,Hybrid,Female
E10069,7,Senior Associate,2020-10-05,,True,1336000,2.92,4,1,Onsite,Male
E10070,5,Analyst,2024-11-09,,True,830000,3.57,5,0,Hybrid,Female
E10071,1,Director,2026-01-06,2026-02-05,False,4286000,2.74,3,0,Hybrid,Male
E10072,1,Senior Manager,2025-10-02,,True,3537000,4.57,5,0,Hybrid,Male
E10073,6,Manager,2025-07-29,,True,2003000,2.65,3,0,Hybrid,Male
E10074,5,Senior Associate,2025-04-14,,True,1334000,3.46,5,0,Hybrid,Female
E10075,5,Senior Manager,2022-12-28,,True,3100000,2.87,3,2,Remote,Female
E10076,5,Analyst,2023-05-15,,True,676000,4.0,5,1,Onsite,Male
E10077,1,Manager,2022-06-10,,True,2579000,3.37,2,0,Hybrid,Other
E10078,2,Analyst,2024-12-18,,True,633000,3.24,4,0,Onsite,Female
E10079,1,Manager,2020-07-30,,True,2193000,4.2,3,1,Onsite,Female
E10080,6,Analyst,2025-09-20,,True,857000,3.62,3,1,Onsite,Male
E10081,4,Senior Manager,2024-05-05,,True,3000000,3.96,3,0,Onsite,Male
E10082,1,Director,2020-12-31,2026-04-07,False,3917000,2.91,4,2,Remote,Female
E10083,1,Analyst,2025-10-27,,True,704000,2.62,3,0,Remote,Male
E10084,1,Associate,2026-02-07,,True,1074000,3.68,3,1,Onsite,Male
E10085,1,VP,2019-03-03,,True,6271000,3.38,3,0,Hybrid,Male
E10086,5,Associate,2025-01-25,,True,1063000,4.04,5,0,Hybrid,Male
E10087,4,Senior Manager,2022-07-29,,True,3459000,3.54,1,0,Hybrid,Male
E10088,7,Senior Associate,2026-05-31,,True,1748000,3.74,3,0,Hybrid,Female
E10089,2,Associate,2022-07-05,,True,917000,2.46,3,0,Onsite,Male
E10090,1,Associate,2025-03-16,,True,956000,4.92,3,2,Hybrid,Male
E10091,5,Analyst,2026-04-21,,True,697000,3.49,3,2,Hybrid,Male
E10092,5,Manager,2023-04-17,,True,2327000,4.09,3,0,Hybrid,Female
E10093,4,Associate,2025-07-24,,True,1026000,3.01,4,0,Remote,Female
E10094,5,Associate,2024-10-31,,True,1195000,3.82,4,1,Remote,Female
E10095,2,Associate,2026-03-19,,True,1151000,2.69,3,1,Hybrid,Male
E10096,3,Senior Associate,2025-12-15,,True,1356000,3.92,2,0,Hybrid,Male
E10097,2,Senior Manager,2025-04-17,,True,3244000,3.35,4,0,Remote,Female
E10098,1,VP,2026-03-06,,True,6107000,3.62,3,0,Onsite,Female
E10099,1,Associate,2019-01-01,,True,989000,4.09,4,2,Onsite,Female
E10100,1,Manager,2026-06-24,,True,2021000,2.74,3,2,Onsite,Male
E10101,4,Manager,2024-03-30,,True,2017000,3.12,3,1,Remote,Male
E10102,1,Senior Associate,2026-01-19,,True,1618000,3.92,3,1,Hybrid,Male
E10103,3,Director,2025-03-31,,True,4608000,5.0,4,1,Onsite,Female
E10104,7,Analyst,2019-01-01,,True,673000,3.5,2,2,Remote,Male
E10105,1,Analyst,2025-11-24,,True,873000,4.01,3,0,Hybrid,Male
E10106,2,Senior Manager,2019-01-01,,True,3038000,3.53,2,0,Remote,Male
E10107,5,Associate,2025-09-18,,True,934000,4.96,4,1,Onsite,Male
E10108,1,Manager,2021-11-20,,True,1979000,2.38,5,1,Hybrid,Male
E10109,1,Senior Manager,2023-10-21,2026-03-23,False,3203000,3.67,3,0,Hybrid,Male
E10110,1,Analyst,2019-02-22,,True,870000,2.46,3,0,Hybrid,Female
E10111,1,Senior Manager,2023-10-01,,True,3191000,1.85,5,0,Hybrid,Male
E10112,7,Associate,2023-11-23,,True,1232000,3.81,3,2,Hybrid,Male
E10113,6,Associate,2025-10-04,2026-03-05,False,1055000,3.7,3,0,Onsite,Male
E10114,4,Senior Associate,2025-11-17,,True,1526000,3.4,3,0,Hybrid,Male
E10115,6,Senior Manager,2019-01-01,,True,3118000,3.53,4,1,Onsite,Female
E10116,6,Analyst,2025-02-22,,True,801000,5.0,2,2,Onsite,Male
E10117,1,Associate,2024-11-29,,True,1029000,3.42,4,1,Onsite,Female
E10118,7,Senior Associate,2021-08-21,,True,1743000,3.96,3,0,Onsite,Male
E10119,3,Manager,2025-02-02,,True,1912000,3.15,2,0,Onsite,Female
E10120,6,Senior Associate,2019-01-01,,True,1528000,3.81,4,0,Hybrid,Male
E10121,7,Analyst,2021-12-08,,True,755000,3.43,3,0,Hybrid,Male
E10122,1,Associate,2023-05-26,,True,1112000,3.31,2,0,Onsite,Female
E10123,1,Associate,2019-04-01,,True,997000,4.87,4,0,Hybrid,Male
E10124,1,Manager,2026-04-29,,True,2204000,4.42,4,0,Onsite,Male
E10125,2,Analyst,2025-06-27,,True,749000,3.7,4,2,Onsite,Female
E10126,6,Analyst,2024-05-14,,True,798000,1.99,5,0,Hybrid,Male
E10127,6,Director,2025-08-15,,True,4917000,3.35,4,0,Hybrid,Male
E10128,1,Analyst,2021-11-09,,True,811000,5.0,1,1,Hybrid,Female
E10129,3,VP,2019-01-01,,True,6627000,3.44,3,0,Onsite,Female
E10130,2,Senior Associate,2024-08-14,2025-12-12,False,1812000,4.37,4,0,Hybrid,Female
E10131,1,Manager,2025-01-26,,True,2514000,4.61,3,0,Hybrid,Male
E10132,1,Associate,2019-01-01,,True,991000,3.75,4,0,Remote,Male
E10133,1,Analyst,2024-06-29,,True,678000,3.01,4,2,Onsite,Male
E10134,7,Manager,2024-03-18,2024-06-02,False,2121000,1.9,3,0,Hybrid,Male
E10135,1,Manager,2025-01-08,2026-01-04,False,2222000,4.08,5,0,Hybrid,Female
E10136,3,Manager,2019-01-01,,True,2515000,3.03,3,0,Remote,Male
E10137,5,Analyst,2023-08-19,,True,821000,3.72,3,1,Onsite,Male
E10138,2,Manager,2021-08-09,,True,2516000,2.73,5,0,Hybrid,Female
E10139,7,Manager,2020-10-22,,True,2090000,3.41,3,0,Onsite,Female
E10140,7,Senior Associate,2025-01-27,,True,1606000,3.62,3,1,Hybrid,Female
E10141,1,Manager,2024-07-24,,True,2098000,3.79,3,0,Onsite,Female
E10142,2,Manager,2020-01-26,,True,1970000,2.82,4,0,Onsite,Female
E10143,1,Senior Associate,2024-12-17,,True,1652000,4.44,4,0,Hybrid,Male
E10144,1,Analyst,2021-02-12,,True,665000,3.18,4,1,Onsite,Male
E10145,1,Associate,2019-01-01,,True,1134000,2.43,4,0,Onsite,Male
E10146,4,Analyst,2023-03-05,,True,789000,3.52,3,0,Onsite,Male
E10147,3,Associate,2021-11-20,,True,1184000,3.62,4,1,Onsite,Female
E10148,1,Associate,2020-12-04,,True,949000,3.71,4,0,Remote,Male
E10149,1,Analyst,2020-02-23,,True,822000,4.55,3,1,Hybrid,Male
E10150,7,Associate,2024-10-14,,True,1250000,3.43,2,2,Hybrid,Male
E10151,1,Analyst,2026-04-27,,True,839000,3.52,5,0,Onsite,Male
E10152,1,Manager,2024-09-30,,True,2443000,2.83,4,1,Remote,Female
E10153,2,Director,2022-09-06,,True,4753000,4.17,4,1,Hybrid,Female
E10154,7,Analyst,2024-06-17,,True,733000,3.73,4,0,Hybrid,Male
E10155,1,Director,2021-10-15,,True,4854000,3.31,3,0,Hybrid,Male
E10156,5,Senior Associate,2024-12-29,,True,1673000,2.27,4,2,Hybrid,Female
E10157,5,Associate,2023-01-25,,True,1121000,4.61,3,0,Hybrid,Female
E10158,1,Analyst,2025-10-18,,True,825000,2.74,2,0,Onsite,Male
E10159,5,Associate,2021-10-13,,True,1057000,3.19,4,0,Onsite,Female
E10160,2,Manager,2023-10-24,,True,1979000,3.85,3,0,Hybrid,Female
E10161,4,Senior Associate,2025-09-20,,True,1589000,2.76,4,0,Hybrid,Other
E10162,4,Analyst,2025-04-28,2025-06-06,False,695000,2.55,3,2,Onsite,Female
E10163,3,Analyst,2021-10-17,,True,724000,2.11,3,0,Onsite,Female
E10164,1,Associate,2024-04-02,,True,906000,4.1,3,0,Hybrid,Male
E10165,6,Associate,2025-09-02,,True,1034000,3.22,3,1,Hybrid,Female
E10166,1,Analyst,2019-01-01,,True,828000,5.0,3,0,Onsite,Female
E10167,1,Associate,2022-03-22,,True,1090000,2.9,3,0,Onsite,Female
E10168,1,Manager,2019-01-01,,True,1897000,2.95,5,2,Hybrid,Female
E10169,4,Senior Manager,2024-08-07,,True,3087000,3.2,3,1,Hybrid,Male
E10170,5,Associate,2024-04-20,,True,1002000,3.77,3,0,Onsite,Male
E10171,1,Senior Manager,2019-01-01,,True,3095000,3.27,3,2,Hybrid,Male
E10172,3,Associate,2023-12-18,,True,1042000,4.03,4,1,Hybrid,Female
E10173,1,Associate,2022-04-25,,True,1226000,2.91,3,2,Hybrid,Male
E10174,5,Analyst,2025-07-05,,True,640000,2.63,4,2,Remote,Male
E10175,1,Senior Associate,2024-06-25,,True,1652000,2.34,4,1,Remote,Male
E10176,5,Director,2026-01-19,,True,5031000,2.04,3,0,Onsite,Female
E10177,2,Senior Associate,2025-09-17,,True,1792000,3.24,3,1,Onsite,Female
E10178,7,Associate,2026-06-30,,True,962000,3.39,5,0,Onsite,Female
E10179,1,Senior Associate,2026-05-13,,True,1575000,3.16,4,1,Onsite,Female
E10180,2,Analyst,2019-01-01,,True,641000,4.47,4,0,Onsite,Female
E10181,1,Senior Manager,2025-07-21,2026-01-10,False,3117000,4.46,2,1,Onsite,Female
E10182,7,Associate,2022-10-16,2026-02-02,False,944000,3.37,3,0,Remote,Male
E10183,6,Associate,2020-04-10,,True,1193000,2.34,3,0,Remote,Male
E10184,1,Senior Associate,2023-10-10,,True,1363000,3.2,3,0,Hybrid,Female
E10185,5,Senior Associate,2025-12-07,,True,1565000,3.18,3,1,Hybrid,Female
E10186,6,Analyst,2022-01-23,,True,758000,3.14,4,0,Onsite,Female
E10187,4,Senior Associate,2023-05-17,,True,1798000,3.11,3,1,Onsite,Male
E10188,3,Analyst,2022-01-08,,True,790000,3.14,4,0,Onsite,Male
E10189,1,Senior Associate,2021-06-30,,True,1451000,3.33,4,1,Hybrid,Male
E10190,1,Manager,2019-01-01,,True,2067000,3.16,3,1,Onsite,Male
E10191,7,Manager,2023-08-06,,True,1984000,3.75,4,0,Remote,Male
E10192,7,Senior Associate,2025-01-27,,True,1689000,3.85,2,0,Hybrid,Male
E10193,4,Senior Associate,2022-12-08,,True,1656000,2.96,4,0,Onsite,Male
E10194,1,Analyst,2026-04-04,,True,779000,4.49,3,1,Onsite,Female
E10195,2,Manager,2019-01-01,,True,1920000,2.91,2,1,Hybrid,Female
E10196,5,Analyst,2026-01-24,,True,817000,2.47,4,0,Remote,Female
E10197,7,Associate,2025-02-22,,True,1125000,3.87,3,0,Hybrid,Female
E10198,7,Associate,2020-09-25,,True,1237000,3.03,5,0,Onsite,Male
E10199,5,Analyst,2023-05-26,2024-10-23,False,774000,3.82,3,1,Hybrid,Female
E10200,5,Senior Associate,2024-10-17,,True,1459000,1.92,3,0,Onsite,Male
E10201,1,Analyst,2024-04-24,,True,723000,4.57,3,1,Remote,Male
E10202,1,Manager,2019-12-06,,True,2019000,4.07,3,0,Hybrid,Male
E10203,7,Associate,2025-01-30,,True,1153000,2.55,3,0,Hybrid,Male
E10204,4,Analyst,2019-07-23,,True,803000,2.56,4,3,Onsite,Female
E10205,1,Associate,2026-03-09,2026-04-15,False,970000,4.77,4,1,Hybrid,Male
E10206,1,Analyst,2021-05-22,,True,669000,3.08,4,0,Onsite,Female
E10207,5,Analyst,2020-02-03,,True,649000,3.02,5,1,Onsite,Female
E10208,1,Senior Associate,2025-10-25,,True,1768000,2.01,3,0,Onsite,Male
E10209,1,Analyst,2024-07-31,,True,687000,3.35,4,0,Remote,Male
E10210,3,Manager,2025-11-18,2026-03-02,False,2143000,3.44,3,0,Hybrid,Female
E10211,5,Analyst,2022-04-27,,True,699000,4.1,4,1,Onsite,Male
E10212,5,Analyst,2023-11-21,,True,731000,2.62,3,0,Remote,Male
E10213,1,Manager,2023-01-23,,True,2415000,2.54,5,0,Onsite,Female
E10214,5,Associate,2025-10-02,,True,1205000,3.92,4,2,Onsite,Other
E10215,1,Analyst,2025-09-08,,True,675000,4.3,5,2,Onsite,Female
E10216,1,Associate,2026-05-10,,True,1140000,2.5,4,0,Hybrid,Male
E10217,5,Analyst,2025-03-05,,True,716000,4.36,5,0,Hybrid,Male
E10218,5,Manager,2023-09-14,,True,2611000,3.63,4,1,Hybrid,Male
E10219,6,Associate,2019-11-07,,True,1005000,4.36,3,0,Hybrid,Male
E10220,5,Manager,2022-10-02,2025-09-15,False,1895000,3.55,3,0,Onsite,Male
E10221,4,Senior Manager,2024-07-20,,True,3133000,1.83,3,1,Hybrid,Male
E10222,1,Associate,2019-01-01,,True,953000,3.49,1,2,Onsite,Female
E10223,2,Senior Manager,2022-03-04,,True,2655000,4.34,3,0,Hybrid,Female
E10224,1,Associate,2019-01-01,,True,1144000,2.97,3,0,Hybrid,Female
E10225,1,Director,2023-12-11,2024-01-16,False,4856000,3.33,3,1,Hybrid,Female
E10226,7,Analyst,2025-06-24,,True,743000,3.48,5,0,Hybrid,Male
E10227,2,Senior Associate,2026-04-25,,True,1649000,1.57,5,0,Hybrid,Male
E10228,7,Associate,2022-02-01,,True,1088000,4.77,3,0,Onsite,Female
E10229,4,Associate,2026-01-22,2026-05-10,False,1120000,2.97,3,3,Remote,Other
E10230,5,Senior Associate,2025-04-09,,True,1608000,3.95,3,0,Onsite,Male
E10231,3,Senior Associate,2023-11-28,2024-01-11,False,1643000,3.54,3,1,Onsite,Male
E10232,4,Analyst,2023-09-01,,True,679000,4.48,4,1,Hybrid,Female
E10233,2,Analyst,2023-05-16,,True,696000,3.88,3,0,Hybrid,Male
E10234,1,Senior Associate,2025-11-17,,True,1528000,3.44,3,3,Onsite,Male
E10235,5,Senior Associate,2024-11-14,,True,1531000,2.97,4,0,Remote,Male
E10236,1,Director,2023-03-24,,True,4918000,4.16,4,1,Remote,Female
E10237,1,Manager,2019-01-01,,True,2160000,2.29,2,1,Hybrid,Male
E10238,5,Director,2022-01-25,2026-02-18,False,4019000,4.05,4,2,Hybrid,Female
E10239,1,Senior Associate,2019-01-01,,True,1433000,2.83,3,0,Hybrid,Male
E10240,7,Associate,2021-08-09,,True,975000,4.48,3,0,Onsite,Male
E10241,7,Analyst,2023-06-13,2025-12-27,False,809000,3.71,2,2,Hybrid,Female
E10242,7,Manager,2025-10-09,,True,2236000,4.05,3,2,Remote,Male
E10243,2,Senior Associate,2022-10-03,,True,1665000,3.66,3,0,Remote,Male
E10244,1,Analyst,2023-03-04,,True,732000,2.37,3,0,Remote,Male
E10245,7,Associate,2023-05-10,,True,1211000,3.0,4,0,Onsite,Female
E10246,2,Director,2024-03-16,,True,5226000,4.07,4,0,Onsite,Male
E10247,7,Associate,2023-12-08,,True,1134000,3.72,3,0,Onsite,Male
E10248,7,Associate,2025-02-10,,True,1202000,4.43,2,0,Onsite,Female
E10249,6,Associate,2024-01-02,,True,1078000,3.88,4,0,Onsite,Male
E10250,1,Analyst,2025-10-01,,True,859000,2.92,1,0,Onsite,Male
E10251,2,Associate,2020-12-04,,True,1191000,3.04,5,0,Hybrid,Female
E10252,6,Associate,2025-10-19,,True,1247000,3.67,4,0,Hybrid,Male
E10253,1,Analyst,2026-03-13,,True,783000,1.98,3,1,Hybrid,Male
E10254,1,Manager,2024-07-18,,True,2463000,4.77,3,0,Hybrid,Female
E10255,4,Associate,2022-11-03,,True,1090000,3.91,1,1,Onsite,Female
E10256,7,Manager,2024-07-15,,True,2080000,4.46,3,0,Onsite,Male
E10257,5,Senior Manager,2025-05-24,,True,2970000,2.49,2,2,Hybrid,Female
E10258,4,Analyst,2023-09-19,2024-11-21,False,849000,4.47,4,0,Hybrid,Female
E10259,1,Senior Associate,2025-01-17,,True,1333000,5.0,3,1,Hybrid,Male
E10260,4,Associate,2019-01-01,2019-08-25,False,1107000,2.68,3,2,Onsite,Male
E10261,7,Senior Manager,2019-01-01,,True,2988000,4.14,3,1,Onsite,Male
E10262,1,Analyst,2024-02-14,,True,725000,3.6,3,2,Hybrid,Female
E10263,3,Senior Associate,2025-02-22,,True,1754000,2.52,2,1,Remote,Male
E10264,6,Senior Associate,2021-12-12,,True,1738000,3.95,2,0,Remote,Female
E10265,5,Associate,2026-05-16,,True,1110000,4.18,1,1,Hybrid,Female
E10266,5,Analyst,2024-04-21,,True,697000,3.18,4,1,Hybrid,Male
E10267,5,Senior Associate,2025-02-06,,True,1546000,4.42,3,0,Hybrid,Male
E10268,2,Manager,2019-01-01,,True,2190000,2.43,4,1,Hybrid,Female
E10269,1,Associate,2026-06-16,,True,1024000,2.55,3,1,Hybrid,Male
E10270,6,Senior Associate,2023-10-04,,True,1357000,3.7,3,1,Remote,Male
E10271,6,Associate,2021-11-25,2026-06-06,False,1090000,3.62,3,1,Hybrid,Female
E10272,6,Senior Associate,2024-03-28,2025-12-26,False,1458000,3.1,4,1,Remote,Male
E10273,7,Analyst,2026-03-12,,True,792000,4.17,3,0,Onsite,Male
E10274,3,Senior Manager,2019-01-01,,True,2934000,3.97,2,2,Hybrid,Male
E10275,3,Associate,2024-01-05,,True,1051000,4.2,3,1,Hybrid,Male
E10276,5,Associate,2023-04-03,,True,918000,3.51,3,1,Onsite,Male
E10277,5,Analyst,2025-07-30,,True,873000,4.02,3,0,Hybrid,Female
E10278,5,Analyst,2024-03-31,,True,754000,3.29,4,0,Onsite,Other
E10279,5,Associate,2024-08-03,,True,908000,5.0,3,1,Hybrid,Male
E10280,7,Analyst,2026-03-27,,True,763000,3.03,4,0,Hybrid,Male
E10281,1,Manager,2026-02-12,,True,2530000,5.0,3,0,Onsite,Male
E10282,2,Analyst,2020-04-22,,True,819000,3.62,4,2,Hybrid,Male
E10283,1,Associate,2025-07-25,,True,1145000,2.64,4,0,Hybrid,Male
E10284,4,Associate,2025-10-05,,True,949000,4.56,3,0,Hybrid,Male
E10285,1,Analyst,2024-02-08,,True,791000,3.69,4,0,Onsite,Female
E10286,2,Analyst,2021-07-05,,True,818000,4.2,4,0,Remote,Male
E10287,3,Associate,2026-04-13,,True,1100000,4.46,3,2,Hybrid,Male
E10288,1,Associate,2023-07-27,,True,1212000,3.84,3,0,Hybrid,Male
E10289,4,Associate,2026-01-25,,True,997000,3.19,4,0,Onsite,Male
E10290,1,Senior Associate,2026-05-16,,True,1428000,4.28,3,0,Remote,Female
E10291,1,Senior Associate,2026-04-25,,True,1746000,3.6,2,0,Onsite,Male
E10292,6,Analyst,2020-05-17,,True,783000,4.08,4,0,Hybrid,Female
E10293,2,Associate,2026-01-26,,True,901000,2.09,2,0,Hybrid,Male
E10294,1,Director,2026-05-05,,True,4299000,3.91,4,2,Onsite,Female
E10295,3,Associate,2024-07-15,,True,1200000,3.15,4,0,Hybrid,Other
E10296,5,Senior Associate,2020-03-02,,True,1319000,4.76,5,2,Onsite,Male
E10297,1,Associate,2025-06-18,,True,901000,4.04,2,0,Hybrid,Male
E10298,4,Manager,2024-08-19,,True,2097000,3.77,3,0,Hybrid,Female
E10299,1,Manager,2026-05-12,,True,2562000,3.94,3,0,Remote,Male
E10300,1,Senior Associate,2024-06-20,,True,1762000,2.9,3,0,Remote,Female
E10301,3,Director,2023-07-25,,True,4543000,4.74,2,1,Hybrid,Male
E10302,3,Analyst,2023-08-14,,True,766000,4.99,3,0,Hybrid,Male
E10303,4,Analyst,2025-02-14,,True,711000,3.88,3,0,Hybrid,Male
E10304,5,Manager,2025-03-17,,True,2069000,4.71,2,1,Onsite,Female
E10305,7,Manager,2026-02-11,,True,2489000,3.2,4,1,Hybrid,Male
E10306,3,Analyst,2024-12-10,,True,656000,3.04,4,0,Remote,Male
E10307,1,Analyst,2026-02-21,2026-04-05,False,749000,3.63,4,1,Onsite,Female
E10308,5,Analyst,2021-07-17,,True,785000,3.9,5,0,Onsite,Male
E10309,1,Associate,2019-01-01,,True,936000,3.32,3,0,Onsite,Male
E10310,2,Manager,2019-01-01,,True,2272000,3.98,5,1,Onsite,Male
E10311,1,Associate,2019-09-04,,True,1102000,3.81,4,0,Onsite,Female
E10312,1,Associate,2023-05-16,,True,1160000,2.9,3,1,Hybrid,Female
E10313,7,Associate,2022-05-22,,True,982000,3.96,3,1,Hybrid,Male
E10314,6,Analyst,2025-05-10,,True,702000,4.2,3,3,Hybrid,Male
E10315,5,Associate,2023-02-08,,True,1099000,3.72,3,1,Onsite,Female
E10316,2,Senior Associate,2024-06-05,,True,1804000,4.41,3,1,Hybrid,Female
E10317,1,Director,2024-04-04,,True,4100000,2.75,3,0,Remote,Male
E10318,1,Manager,2021-09-01,,True,2615000,3.93,4,0,Remote,Male
E10319,1,Analyst,2025-05-15,,True,805000,2.78,3,0,Hybrid,Male
E10320,3,Senior Manager,2025-03-12,,True,3448000,2.82,2,2,Onsite,Female
E10321,5,Manager,2019-01-01,,True,1956000,3.16,4,1,Remote,Other
E10322,5,Manager,2026-04-20,,True,2111000,2.94,3,0,Hybrid,Male
E10323,1,Associate,2024-03-26,,True,920000,3.22,5,0,Onsite,Male
E10324,7,Associate,2019-01-01,,True,1030000,3.45,2,0,Onsite,Male
E10325,5,Associate,2023-04-15,,True,1243000,4.19,5,0,Onsite,Male
E10326,4,Analyst,2023-10-22,,True,656000,3.38,2,0,Onsite,Male
E10327,4,Analyst,2025-07-09,,True,768000,2.49,3,0,Onsite,Female
E10328,2,Analyst,2025-01-24,,True,631000,4.4,2,0,Remote,Male
E10329,1,Associate,2019-12-27,,True,1149000,3.01,4,0,Hybrid,Female
E10330,2,Manager,2023-09-16,,True,2035000,3.56,4,1,Hybrid,Male
E10331,5,Associate,2024-01-14,,True,945000,3.91,3,0,Hybrid,Female
E10332,1,Analyst,2026-02-21,,True,713000,3.74,5,1,Hybrid,Male
E10333,1,Director,2026-06-11,,True,4913000,4.37,3,0,Remote,Male
E10334,1,Director,2019-01-01,,True,3937000,3.94,4,0,Remote,Female
E10335,1,Manager,2024-11-20,,True,2059000,3.0,4,0,Onsite,Male
E10336,6,VP,2023-05-08,,True,5869000,5.0,3,0,Remote,Female
E10337,5,Senior Associate,2026-03-20,2026-04-21,False,1796000,3.74,3,0,Hybrid,Female
E10338,2,Director,2022-08-01,,True,4650000,3.5,5,1,Onsite,Male
E10339,1,Analyst,2019-01-01,,True,806000,4.27,5,0,Hybrid,Male
E10340,2,Associate,2023-07-31,,True,1128000,3.77,5,0,Hybrid,Female
E10341,2,Analyst,2026-01-15,,True,665000,3.88,5,0,Remote,Other
E10342,1,Analyst,2023-07-13,,True,776000,5.0,2,1,Onsite,Female
E10343,2,Analyst,2021-07-18,,True,662000,3.41,4,2,Hybrid,Male
E10344,2,Senior Associate,2024-09-20,,True,1509000,3.38,3,0,Onsite,Female
E10345,4,Manager,2019-04-12,,True,2308000,3.68,5,0,Onsite,Female
E10346,4,Senior Associate,2022-12-08,,True,1589000,4.35,3,0,Onsite,Female
E10347,1,Analyst,2019-01-01,,True,659000,2.55,3,0,Hybrid,Female
E10348,2,Manager,2023-03-04,,True,1915000,2.22,3,0,Hybrid,Male
E10349,4,Senior Associate,2026-01-07,,True,1710000,3.19,3,0,Onsite,Male
E10350,3,Associate,2025-03-27,,True,1154000,2.46,2,0,Hybrid,Female
E10351,6,Senior Associate,2025-09-24,,True,1347000,3.3,4,1,Onsite,Female
E10352,5,Analyst,2019-01-01,,True,661000,3.95,4,4,Onsite,Male
E10353,1,Associate,2021-08-18,,True,1212000,2.98,2,0,Hybrid,Female
E10354,1,Senior Manager,2022-08-27,2026-06-09,False,3391000,2.6,4,1,Onsite,Female
E10355,5,Associate,2025-04-12,2026-02-22,False,1249000,3.65,4,2,Hybrid,Female
E10356,1,Associate,2025-10-21,,True,989000,4.2,3,0,Onsite,Female
E10357,4,Senior Manager,2021-09-08,,True,3105000,2.41,3,0,Onsite,Female
E10358,7,Senior Associate,2024-04-23,,True,1425000,4.17,4,0,Hybrid,Female
E10359,4,Analyst,2025-08-17,,True,783000,4.17,4,0,Hybrid,Female
E10360,2,Analyst,2023-03-26,,True,658000,4.27,3,1,Onsite,Male
E10361,5,Analyst,2026-05-11,,True,661000,4.45,4,0,Hybrid,Male
E10362,2,Senior Associate,2025-02-25,,True,1341000,5.0,2,2,Hybrid,Male
E10363,3,Associate,2024-05-06,,True,1143000,3.35,3,0,Hybrid,Male
E10364,7,Analyst,2025-12-14,,True,751000,3.68,3,2,Onsite,Male
E10365,2,Director,2019-01-01,,True,4688000,3.31,3,0,Hybrid,Female
E10366,7,Senior Associate,2025-09-13,2025-12-26,False,1751000,3.6,4,1,Hybrid,Female
E10367,7,Analyst,2026-01-09,,True,811000,4.67,5,0,Onsite,Male
E10368,1,Associate,2025-09-21,,True,1062000,2.66,3,0,Remote,Female
E10369,1,Senior Associate,2021-07-03,,True,1805000,3.0,3,2,Remote,Male
E10370,1,Analyst,2024-08-11,,True,742000,4.56,4,0,Remote,Male
E10371,1,Analyst,2023-08-29,,True,658000,4.31,4,3,Hybrid,Female
E10372,1,Manager,2026-06-05,,True,2620000,3.35,4,0,Hybrid,Male
E10373,5,Associate,2026-05-19,,True,908000,4.2,4,0,Hybrid,Female
E10374,1,Senior Associate,2024-06-27,,True,1584000,3.84,3,1,Hybrid,Male
E10375,1,Associate,2020-09-19,,True,1008000,4.65,4,0,Hybrid,Male
E10376,6,Analyst,2019-02-14,,True,753000,3.65,2,0,Hybrid,Female
E10377,1,Analyst,2026-03-11,,True,767000,4.32,3,0,Onsite,Male
E10378,6,Associate,2023-11-12,,True,984000,5.0,3,1,Onsite,Female
E10379,1,Analyst,2019-01-01,2019-09-29,False,766000,4.02,3,2,Remote,Male
E10380,1,Analyst,2024-10-28,,True,815000,3.63,5,3,Onsite,Male
E10381,5,Manager,2020-06-20,,True,2086000,4.11,4,0,Hybrid,Female
E10382,4,VP,2026-01-04,,True,6722000,3.34,2,0,Remote,Female
E10383,6,Manager,2019-01-01,,True,2087000,5.0,3,1,Hybrid,Male
E10384,5,Senior Manager,2021-10-03,,True,3443000,3.73,3,1,Remote,Male
E10385,6,Analyst,2019-01-01,,True,808000,3.41,3,0,Hybrid,Female
E10386,1,Director,2022-08-27,,True,5061000,3.02,4,1,Onsite,Male
E10387,1,Analyst,2024-12-16,,True,672000,4.37,5,1,Hybrid,Male
E10388,5,Director,2019-01-01,,True,3888000,4.21,5,0,Onsite,Female
E10389,6,VP,2025-05-26,,True,6122000,3.25,4,0,Onsite,Male
E10390,7,Senior Associate,2025-02-14,,True,1387000,4.0,4,0,Onsite,Male
E10391,2,VP,2022-05-22,,True,7063000,2.54,3,0,Onsite,Male
E10392,2,Senior Associate,2021-07-24,,True,1798000,3.73,3,0,Onsite,Female
E10393,5,Analyst,2019-01-01,,True,718000,3.92,3,0,Onsite,Female
E10394,2,Associate,2025-09-19,2025-11-04,False,1235000,4.8,3,0,Hybrid,Female
E10395,7,Senior Associate,2021-01-18,,True,1324000,3.06,4,0,Hybrid,Male
E10396,6,Analyst,2021-12-05,2025-07-09,False,857000,2.71,3,1,Onsite,Male
E10397,2,Senior Associate,2026-04-10,,True,1397000,2.97,3,1,Onsite,Male
E10398,5,VP,2024-10-30,2025-03-31,False,7926000,2.66,3,2,Hybrid,Male
E10399,5,Analyst,2025-05-14,2026-04-19,False,644000,4.54,5,3,Hybrid,Male
E10400,1,Manager,2025-04-06,,True,2587000,4.68,3,0,Remote,Male
E10401,7,Senior Manager,2019-01-01,,True,2814000,3.82,4,0,Onsite,Female
E10402,3,Director,2022-12-28,,True,4225000,4.45,4,1,Remote,Female
E10403,6,Director,2022-03-11,,True,4502000,3.69,3,0,Hybrid,Male
E10404,1,Senior Associate,2019-01-01,,True,1498000,3.53,3,0,Hybrid,Female
E10405,7,Director,2024-11-19,,True,4761000,3.37,4,1,Onsite,Female
E10406,2,Manager,2020-12-25,2021-05-14,False,2606000,3.38,3,2,Onsite,Male
E10407,1,Analyst,2024-07-22,,True,779000,2.52,5,1,Onsite,Male
E10408,7,Associate,2019-07-24,,True,1153000,3.78,3,1,Onsite,Female
E10409,1,Senior Associate,2025-10-27,,True,1350000,3.57,2,1,Hybrid,Male
E10410,1,Analyst,2019-01-01,,True,784000,4.12,4,0,Hybrid,Male
E10411,7,Senior Associate,2025-08-28,,True,1535000,3.67,4,0,Hybrid,Male
E10412,7,Senior Associate,2025-02-25,,True,1755000,3.49,5,0,Hybrid,Male
E10413,4,Analyst,2021-09-09,,True,725000,2.99,4,0,Hybrid,Female
E10414,4,Senior Associate,2024-10-17,,True,1650000,3.65,5,1,Onsite,Female
E10415,2,Manager,2023-04-22,,True,2058000,4.12,4,0,Remote,Male
E10416,1,Associate,2024-06-30,,True,991000,2.8,4,0,Hybrid,Female
E10417,1,Analyst,2021-11-17,,True,722000,3.66,3,2,Onsite,Female
E10418,5,Analyst,2025-08-13,,True,704000,3.76,3,0,Onsite,Female
E10419,5,Associate,2026-04-18,,True,989000,3.1,5,0,Hybrid,Male
E10420,5,Senior Manager,2025-04-14,,True,2660000,3.19,3,0,Hybrid,Female
E10421,5,Analyst,2024-04-22,,True,835000,3.76,3,0,Onsite,Male
E10422,1,Senior Associate,2025-11-15,,True,1338000,2.81,3,1,Hybrid,Male
E10423,2,Analyst,2025-01-02,,True,847000,3.84,3,1,Hybrid,Male
E10424,1,Associate,2024-10-04,2025-07-16,False,944000,2.97,3,2,Hybrid,Male
E10425,3,Manager,2026-04-19,,True,1938000,4.34,2,0,Onsite,Male
E10426,2,Manager,2023-07-08,,True,2304000,5.0,4,0,Onsite,Male
E10427,7,Analyst,2019-02-24,,True,753000,3.0,3,0,Remote,Female
E10428,2,Associate,2025-12-09,,True,1072000,3.97,3,1,Remote,Male
E10429,1,Analyst,2023-05-25,2024-02-12,False,771000,3.09,2,0,Onsite,Female
E10430,1,Associate,2022-10-10,,True,1000000,4.33,1,0,Onsite,Female
E10431,5,Senior Associate,2024-08-24,,True,1641000,2.71,3,0,Onsite,Male
E10432,4,Analyst,2022-05-21,,True,753000,3.94,4,1,Onsite,Male
E10433,1,Associate,2024-09-11,2026-02-19,False,1017000,2.99,2,1,Hybrid,Female
E10434,1,Associate,2024-02-08,,True,1189000,3.46,5,1,Remote,Male
E10435,5,Senior Manager,2026-06-22,,True,3349000,2.88,3,1,Onsite,Female
E10436,1,VP,2022-06-28,,True,6745000,4.18,3,0,Onsite,Female
E10437,6,Analyst,2022-10-23,,True,838000,3.01,3,0,Remote,Male
E10438,5,Manager,2026-05-14,,True,2566000,3.99,1,0,Onsite,Male
E10439,1,Associate,2024-12-07,,True,1088000,3.36,4,1,Remote,Male
E10440,1,Associate,2019-01-01,,True,975000,3.52,4,0,Hybrid,Female
E10441,7,Manager,2024-08-21,,True,2563000,3.7,4,0,Remote,Female
E10442,2,Senior Manager,2024-02-15,,True,2802000,3.07,3,1,Onsite,Female
E10443,2,Director,2019-01-01,2022-03-21,False,3851000,3.75,3,2,Onsite,Male
E10444,6,Senior Associate,2022-03-12,,True,1471000,4.67,3,0,Hybrid,Male
E10445,7,Associate,2023-07-12,,True,1154000,3.06,5,0,Hybrid,Male
E10446,7,Manager,2021-01-19,,True,2569000,4.42,3,1,Onsite,Female
E10447,5,Analyst,2019-09-10,,True,786000,4.65,4,0,Remote,Male
E10448,2,Senior Associate,2024-06-02,,True,1788000,3.03,3,1,Hybrid,Male
E10449,1,Associate,2024-04-20,,True,932000,2.58,3,0,Hybrid,Female
E10450,5,Senior Associate,2024-11-01,,True,1336000,3.81,3,0,Onsite,Male
E10451,4,Analyst,2019-01-01,,True,778000,3.22,2,0,Hybrid,Male
E10452,2,Analyst,2022-06-06,,True,867000,4.91,4,0,Hybrid,Male
E10453,7,Senior Manager,2026-03-15,,True,3120000,3.62,3,0,Onsite,Male
E10454,1,Analyst,2019-09-23,,True,643000,3.04,4,1,Remote,Female
E10455,2,Associate,2024-04-07,,True,977000,2.8,2,2,Onsite,Male
E10456,1,Analyst,2026-04-04,,True,690000,4.36,5,1,Onsite,Male
E10457,2,Analyst,2023-10-13,,True,713000,3.2,3,2,Onsite,Male
E10458,1,Analyst,2024-08-29,,True,641000,3.63,4,0,Hybrid,Male
E10459,1,Analyst,2019-05-04,,True,852000,4.27,4,0,Hybrid,Male
E10460,1,Senior Manager,2025-09-21,,True,3133000,3.26,5,0,Onsite,Male
E10461,5,Associate,2020-07-13,,True,1135000,3.57,3,0,Onsite,Female
E10462,5,Director,2023-09-20,,True,3879000,3.59,4,0,Onsite,Male
E10463,4,Senior Associate,2026-04-23,,True,1332000,4.08,3,1,Onsite,Female
E10464,7,Associate,2019-01-01,,True,1105000,4.01,3,2,Hybrid,Male
E10465,2,Senior Associate,2024-01-19,,True,1755000,3.45,3,1,Onsite,Female
E10466,1,Associate,2025-04-30,,True,1085000,3.64,3,0,Onsite,Male
E10467,6,Manager,2024-05-04,,True,2535000,3.34,5,1,Remote,Male
E10468,1,Associate,2019-11-07,,True,1184000,2.57,2,1,Hybrid,Female
E10469,7,Associate,2025-04-05,,True,927000,3.78,3,2,Hybrid,Male
E10470,1,Senior Manager,2025-10-08,,True,2815000,4.92,4,0,Onsite,Male
E10471,7,Director,2026-01-11,,True,4747000,2.98,3,0,Onsite,Male
E10472,1,Senior Manager,2025-04-17,,True,3060000,3.06,4,1,Hybrid,Male
E10473,7,Associate,2021-05-04,,True,1002000,2.99,2,0,Onsite,Male
E10474,3,Manager,2024-04-29,,True,2198000,4.11,3,0,Onsite,Male
E10475,7,Associate,2025-08-14,,True,1056000,3.91,3,1,Remote,Female
E10476,1,Associate,2025-11-17,,True,1219000,3.49,5,1,Remote,Female
E10477,4,Analyst,2025-02-13,,True,655000,2.96,4,0,Onsite,Female
E10478,7,Senior Associate,2019-01-01,,True,1447000,3.66,5,0,Onsite,Male
E10479,3,Analyst,2025-01-25,,True,762000,2.5,2,0,Remote,Male
E10480,4,Associate,2019-01-01,,True,1144000,3.7,3,1,Onsite,Female
E10481,5,Senior Manager,2024-03-27,,True,3250000,4.21,3,0,Hybrid,Male
E10482,2,Analyst,2025-10-29,,True,861000,2.72,1,0,Remote,Female
E10483,4,Analyst,2019-01-01,,True,825000,2.53,3,0,Remote,Male
E10484,4,Analyst,2024-05-25,,True,766000,4.71,4,0,Hybrid,Male
E10485,7,Director,2022-04-14,,True,4096000,3.17,3,0,Onsite,Female
E10486,1,Associate,2019-01-01,,True,1058000,4.4,3,2,Onsite,Female
E10487,1,Associate,2026-04-28,,True,1143000,3.49,4,0,Remote,Female
E10488,7,Manager,2026-02-25,,True,2506000,3.49,4,0,Remote,Female
E10489,7,Manager,2022-02-26,,True,2595000,3.91,3,0,Hybrid,Female
E10490,2,Associate,2025-05-16,2026-01-15,False,1112000,2.98,3,2,Hybrid,Male
E10491,4,Senior Associate,2025-10-21,,True,1572000,3.69,3,1,Hybrid,Female
E10492,1,Manager,2026-05-13,2026-06-19,False,1903000,3.33,3,0,Hybrid,Female
E10493,1,Senior Associate,2026-06-04,,True,1342000,2.68,4,0,Hybrid,Female
E10494,2,Analyst,2021-06-04,,True,668000,3.84,3,0,Hybrid,Male
E10495,2,Senior Manager,2026-01-03,,True,2666000,3.42,4,1,Hybrid,Female
E10496,4,Senior Associate,2024-05-08,,True,1508000,3.49,4,0,Onsite,Male
E10497,1,Associate,2023-04-30,,True,1018000,2.75,4,4,Hybrid,Male
E10498,7,Associate,2024-08-05,,True,1123000,4.71,3,2,Hybrid,Male
E10499,7,Analyst,2026-05-28,,True,761000,4.21,3,1,Onsite,Male
E10500,5,Analyst,2021-04-14,,True,776000,4.27,4,1,Hybrid,Male
E10501,3,Manager,2026-06-18,,True,2237000,3.39,3,0,Hybrid,Female
E10502,1,Analyst,2021-08-11,,True,698000,2.39,3,0,Remote,Female
E10503,6,Associate,2019-01-01,,True,1233000,4.97,3,1,Onsite,Male
E10504,5,Senior Associate,2024-07-26,,True,1349000,3.56,3,0,Hybrid,Female
E10505,1,Analyst,2023-11-20,,True,860000,3.08,4,0,Onsite,Male
E10506,7,Director,2024-04-16,,True,4238000,3.89,3,1,Remote,Male
E10507,6,Analyst,2024-10-26,,True,756000,4.42,3,2,Onsite,Male
E10508,7,Associate,2019-01-21,,True,938000,3.58,3,0,Hybrid,Female
E10509,5,Associate,2019-01-01,,True,925000,4.5,3,2,Hybrid,Male
E10510,4,Analyst,2025-02-07,,True,735000,4.36,4,0,Onsite,Male
E10511,2,Analyst,2023-03-31,2023-07-30,False,812000,2.85,4,1,Remote,Male
E10512,7,Manager,2019-01-01,,True,2088000,3.13,3,1,Remote,Female
E10513,6,Director,2019-01-01,,True,4607000,4.27,1,0,Onsite,Female
E10514,1,Analyst,2024-01-28,,True,698000,1.7,3,1,Onsite,Male
E10515,1,Senior Associate,2024-06-11,,True,1502000,3.5,4,1,Onsite,Male
E10516,2,Manager,2025-05-21,,True,2556000,2.6,3,0,Onsite,Female
E10517,6,Manager,2019-01-01,,True,2519000,3.27,4,1,Remote,Female
E10518,7,Associate,2025-12-22,,True,1081000,3.39,3,0,Remote,Male
E10519,1,Associate,2023-07-18,,True,983000,3.35,4,1,Onsite,Female
E10520,4,Associate,2025-05-14,,True,968000,3.21,3,1,Hybrid,Female
E10521,2,Senior Associate,2025-05-20,,True,1789000,2.83,4,0,Hybrid,Male
E10522,7,Manager,2024-09-23,,True,2039000,5.0,3,1,Onsite,Male
E10523,6,Analyst,2019-01-01,,True,828000,4.91,4,1,Onsite,Male
E10524,6,Associate,2026-04-22,,True,1029000,2.79,2,1,Onsite,Female
E10525,2,Senior Manager,2023-07-22,,True,3610000,4.71,3,0,Hybrid,Male
E10526,2,Manager,2026-03-16,,True,2161000,3.32,4,0,Hybrid,Male
E10527,1,VP,2025-12-05,2026-04-18,False,6650000,3.69,3,1,Hybrid,Female
E10528,1,Manager,2024-07-11,,True,2359000,3.56,4,0,Onsite,Female
E10529,6,Associate,2024-01-25,,True,1237000,3.14,4,0,Hybrid,Male
E10530,6,Senior Associate,2025-06-24,,True,1800000,4.29,3,0,Hybrid,Male
E10531,7,Senior Associate,2025-03-15,,True,1664000,3.69,3,0,Remote,Male
E10532,7,Analyst,2026-03-10,,True,815000,3.27,3,1,Onsite,Female
E10533,4,Senior Associate,2025-04-08,,True,1591000,2.69,3,2,Remote,Female
E10534,5,Senior Associate,2019-01-01,2024-06-22,False,1689000,2.97,3,1,Remote,Male
E10535,7,Analyst,2019-01-01,,True,841000,2.45,4,2,Onsite,Female
E10536,6,Manager,2025-02-09,,True,2247000,3.61,3,1,Onsite,Female
E10537,1,Senior Associate,2023-08-14,,True,1620000,2.76,3,0,Remote,Male
E10538,2,Director,2019-01-01,,True,4570000,3.41,3,1,Hybrid,Female
E10539,1,Analyst,2026-06-24,,True,768000,4.56,1,0,Remote,Male
E10540,7,Analyst,2020-10-29,,True,848000,4.44,3,0,Hybrid,Female
E10541,4,Senior Associate,2019-01-01,,True,1485000,3.58,4,1,Hybrid,Male
E10542,1,Associate,2026-03-04,,True,973000,3.54,4,1,Onsite,Male
E10543,5,Senior Associate,2025-11-24,,True,1537000,4.92,3,0,Onsite,Male
E10544,4,Manager,2019-01-01,,True,2043000,3.96,5,1,Remote,Female
E10545,2,Analyst,2023-11-15,,True,752000,3.37,3,1,Onsite,Male
E10546,1,Associate,2026-06-14,,True,1216000,2.6,5,0,Onsite,Male
E10547,5,Associate,2025-06-26,,True,1116000,3.88,4,0,Hybrid,Other
E10548,3,Associate,2024-06-18,2024-11-17,False,1199000,4.18,4,1,Hybrid,Female
E10549,5,Director,2022-06-23,,True,4024000,3.16,2,1,Onsite,Female
E10550,3,Manager,2021-12-30,,True,2552000,3.8,3,1,Onsite,Male
E10551,6,Senior Associate,2019-01-01,,True,1610000,3.35,1,2,Hybrid,Female
E10552,4,Senior Associate,2025-05-06,,True,1321000,3.47,4,0,Onsite,Male
E10553,4,Associate,2023-11-13,,True,1122000,1.86,3,1,Hybrid,Male
E10554,6,Senior Manager,2023-11-26,,True,3576000,3.44,4,1,Onsite,Male
E10555,2,Senior Associate,2024-09-22,,True,1345000,4.28,3,0,Remote,Male
E10556,1,Manager,2025-11-13,,True,2318000,3.16,4,0,Hybrid,Male
E10557,1,Senior Manager,2019-01-01,,True,3539000,3.64,2,0,Hybrid,Male
E10558,5,Analyst,2019-12-17,,True,632000,3.07,3,0,Onsite,Female
E10559,4,Manager,2024-02-24,,True,2354000,3.85,3,1,Hybrid,Male
E10560,5,Analyst,2023-05-08,,True,746000,3.45,3,2,Onsite,Male
E10561,1,Associate,2025-08-15,,True,1021000,2.94,3,0,Onsite,Male
E10562,1,Associate,2023-10-29,,True,1120000,4.53,4,0,Hybrid,Female
E10563,1,Director,2022-06-15,,True,3857000,4.25,2,1,Hybrid,Male
E10564,2,Senior Manager,2024-01-13,,True,3374000,3.18,3,0,Hybrid,Male
E10565,4,Senior Associate,2019-01-01,,True,1307000,3.95,4,0,Onsite,Male
E10566,2,Manager,2023-04-12,,True,2116000,3.98,2,0,Onsite,Female
E10567,2,Senior Associate,2024-12-02,,True,1561000,4.05,5,0,Remote,Male
E10568,7,Director,2021-06-17,,True,4334000,2.41,5,0,Hybrid,Male
E10569,2,Associate,2025-11-11,,True,1008000,4.3,2,2,Hybrid,Male
E10570,3,Associate,2024-11-04,,True,1191000,3.2,3,0,Hybrid,Female
E10571,5,Analyst,2025-01-17,,True,859000,3.35,3,1,Onsite,Male
E10572,2,Manager,2024-07-28,,True,2532000,5.0,4,1,Hybrid,Female
E10573,4,Manager,2021-04-24,,True,2274000,3.81,3,1,Onsite,Male
E10574,6,Associate,2024-03-30,,True,1209000,3.33,4,1,Hybrid,Female
E10575,7,Analyst,2021-02-11,2022-02-12,False,856000,2.06,4,0,Hybrid,Female
E10576,1,Manager,2023-07-28,,True,2191000,4.57,2,0,Remote,Female
E10577,7,Analyst,2025-01-26,,True,699000,2.66,4,0,Hybrid,Male
E10578,2,Senior Associate,2020-11-03,,True,1355000,2.9,4,1,Onsite,Male
E10579,1,Director,2025-07-28,2025-11-30,False,4484000,3.37,3,1,Hybrid,Male
E10580,2,Associate,2025-08-19,,True,1231000,4.59,4,0,Onsite,Female
E10581,7,Analyst,2024-02-09,,True,767000,4.14,4,1,Onsite,Female
E10582,2,Senior Associate,2025-06-20,,True,1644000,3.49,3,0,Onsite,Male
E10583,1,Manager,2026-06-20,,True,1973000,3.82,3,0,Hybrid,Female
E10584,4,Senior Associate,2022-12-09,,True,1378000,3.18,3,0,Onsite,Male
E10585,1,Director,2024-01-23,,True,4463000,3.7,2,1,Hybrid,Female
E10586,1,Analyst,2024-06-28,,True,863000,3.65,5,0,Remote,Male
E10587,1,Associate,2019-01-01,,True,1026000,4.28,2,0,Hybrid,Male
E10588,1,Senior Associate,2023-08-13,,True,1750000,4.28,4,0,Onsite,Male
E10589,1,Senior Manager,2019-09-19,,True,2732000,3.95,3,0,Onsite,Female
E10590,1,Analyst,2025-12-27,,True,781000,3.35,1,2,Hybrid,Female
E10591,5,Manager,2023-08-18,,True,2331000,4.12,5,0,Remote,Male
E10592,1,Senior Associate,2019-08-08,,True,1741000,3.54,4,1,Onsite,Male
E10593,2,Associate,2023-07-09,,True,901000,2.84,3,0,Hybrid,Male
E10594,7,Analyst,2022-03-09,,True,677000,3.32,3,1,Hybrid,Male
E10595,2,Senior Manager,2024-11-29,,True,2833000,3.66,2,0,Hybrid,Male
E10596,5,Analyst,2026-03-03,,True,863000,4.24,3,2,Remote,Male
E10597,1,Associate,2024-05-30,,True,954000,3.47,3,0,Hybrid,Male
E10598,1,Associate,2024-10-15,,True,913000,2.75,3,0,Remote,Female
E10599,1,Senior Manager,2019-08-16,,True,3152000,3.64,5,1,Onsite,Female
E10600,1,Senior Associate,2025-07-18,,True,1573000,3.68,3,0,Hybrid,Male
E10601,1,Manager,2019-01-01,,True,2510000,3.73,4,1,Hybrid,Female
E10602,1,Analyst,2019-01-01,,True,862000,4.24,4,0,Onsite,Male
E10603,1,Senior Associate,2025-07-12,,True,1578000,4.31,3,0,Hybrid,Female
E10604,1,Senior Associate,2025-01-15,2025-02-14,False,1777000,3.18,4,0,Onsite,Male
E10605,2,Manager,2019-01-01,,True,2423000,3.17,3,0,Onsite,Female
E10606,1,Senior Manager,2019-01-01,,True,2879000,2.87,4,2,Onsite,Male
E10607,2,Analyst,2024-07-02,,True,857000,4.09,3,0,Hybrid,Male
E10608,3,Senior Associate,2025-03-07,,True,1644000,4.61,2,1,Remote,Female
E10609,5,Analyst,2023-12-15,,True,731000,3.38,4,0,Hybrid,Male
E10610,1,Senior Associate,2022-07-14,,True,1650000,3.43,3,1,Hybrid,Male
E10611,5,Associate,2025-05-30,,True,1040000,4.63,4,0,Onsite,Female
E10612,4,Associate,2021-12-15,,True,940000,3.95,5,0,Remote,Female
E10613,1,Associate,2026-04-26,,True,1152000,3.91,2,0,Hybrid,Male
E10614,6,Senior Associate,2026-04-30,,True,1723000,2.77,3,0,Hybrid,Male
E10615,7,Associate,2024-11-01,,True,1155000,4.08,3,0,Hybrid,Male
E10616,1,Manager,2025-01-05,,True,2058000,2.95,4,0,Onsite,Female
E10617,1,Associate,2025-03-16,,True,1235000,2.81,4,1,Hybrid,Male
E10618,6,Analyst,2024-03-13,,True,636000,3.36,3,0,Remote,Female
E10619,5,Manager,2025-03-07,,True,2135000,3.19,3,1,Onsite,Male
E10620,1,Associate,2025-10-09,,True,991000,3.44,4,0,Hybrid,Male
E10621,1,Associate,2025-03-28,,True,917000,2.59,2,0,Remote,Male
E10622,2,Senior Associate,2019-01-01,2020-09-24,False,1511000,4.27,4,0,Onsite,Male
E10623,2,Associate,2024-09-10,,True,1118000,4.39,4,1,Remote,Female
E10624,4,Analyst,2024-06-29,,True,846000,2.24,5,0,Remote,Male
E10625,2,Associate,2023-07-28,,True,1246000,4.28,3,0,Hybrid,Female
E10626,2,Director,2019-01-01,,True,4968000,3.03,2,0,Onsite,Male
E10627,5,Senior Associate,2025-07-22,,True,1543000,4.2,3,0,Onsite,Male
E10628,1,Senior Associate,2022-08-08,,True,1672000,3.55,2,0,Onsite,Male
E10629,1,Senior Associate,2022-03-18,,True,1733000,3.62,5,1,Hybrid,Female
E10630,5,Analyst,2023-04-25,,True,744000,3.47,2,0,Hybrid,Female
E10631,7,Associate,2026-03-08,,True,1175000,4.45,4,0,Hybrid,Male
E10632,3,Manager,2022-08-26,,True,2245000,2.73,3,0,Onsite,Female
E10633,3,Analyst,2026-04-10,2026-06-22,False,725000,4.03,3,0,Onsite,Male
E10634,1,Analyst,2023-05-30,,True,759000,4.37,2,2,Hybrid,Female
E10635,2,Analyst,2021-11-30,,True,796000,4.1,4,0,Hybrid,Female
E10636,3,Associate,2025-09-10,,True,1154000,5.0,3,0,Remote,Female
E10637,1,VP,2020-03-21,,True,6662000,3.23,3,1,Hybrid,Female
E10638,1,Analyst,2026-05-24,2026-06-26,False,770000,4.27,5,2,Hybrid,Female
E10639,2,Associate,2020-03-04,,True,1218000,3.53,3,1,Hybrid,Other
E10640,1,Analyst,2024-05-25,,True,869000,4.46,3,0,Hybrid,Male
E10641,1,Director,2025-08-30,,True,4114000,3.59,3,0,Onsite,Male
E10642,1,Analyst,2026-01-04,,True,677000,3.33,2,1,Remote,Female
E10643,1,Associate,2019-01-01,,True,1137000,4.51,5,1,Hybrid,Female
E10644,1,Manager,2026-03-30,,True,2195000,3.26,3,1,Onsite,Male
E10645,7,Senior Associate,2025-09-28,,True,1317000,2.61,2,0,Onsite,Male
E10646,4,Associate,2025-01-16,,True,1021000,3.24,3,1,Onsite,Female
E10647,5,Associate,2023-03-15,,True,1182000,4.03,4,0,Hybrid,Female
E10648,5,Associate,2023-10-26,,True,1179000,4.57,3,0,Onsite,Male
E10649,2,Analyst,2026-01-15,,True,751000,3.68,4,1,Onsite,Male
E10650,1,Analyst,2025-05-02,,True,746000,4.52,2,1,Hybrid,Male
E10651,3,Associate,2025-07-27,,True,1103000,2.65,3,0,Onsite,Male
E10652,4,Analyst,2025-09-06,,True,684000,3.29,4,0,Hybrid,Female
E10653,5,Associate,2024-09-10,,True,1084000,3.4,2,0,Hybrid,Female
E10654,2,Senior Associate,2022-05-08,2026-06-02,False,1311000,3.52,4,1,Hybrid,Male
E10655,1,Director,2025-08-30,,True,4479000,3.66,2,1,Onsite,Male
E10656,1,Senior Associate,2024-12-10,,True,1476000,4.08,4,0,Onsite,Female
E10657,2,Analyst,2024-10-22,,True,795000,3.29,3,1,Onsite,Male
E10658,5,Analyst,2019-01-01,,True,786000,3.7,4,0,Hybrid,Male
E10659,4,Director,2019-01-01,,True,4340000,3.57,3,2,Hybrid,Female
E10660,2,Associate,2021-01-05,,True,903000,2.95,2,0,Onsite,Female
E10661,7,Analyst,2025-07-22,,True,692000,3.52,3,0,Hybrid,Male
E10662,4,Senior Associate,2026-04-05,,True,1626000,3.5,2,0,Onsite,Female
E10663,1,Senior Associate,2025-03-14,,True,1342000,3.48,3,1,Remote,Male
E10664,1,Senior Associate,2025-06-10,2025-07-16,False,1360000,3.62,3,0,Remote,Male
E10665,1,Analyst,2024-02-05,2024-07-03,False,789000,3.65,3,1,Hybrid,Male
E10666,1,Analyst,2021-05-17,,True,815000,3.3,4,0,Hybrid,Male
E10667,1,Director,2019-11-03,,True,4253000,4.49,4,3,Hybrid,Male
E10668,1,Analyst,2020-02-24,,True,750000,2.78,4,1,Hybrid,Male
E10669,1,Senior Associate,2024-12-24,,True,1785000,3.1,3,2,Hybrid,Female
E10670,1,Senior Associate,2022-07-16,,True,1785000,5.0,3,1,Remote,Female
E10671,7,Senior Associate,2025-03-22,,True,1461000,2.87,3,0,Hybrid,Male
E10672,1,Associate,2026-04-14,,True,1183000,2.65,4,1,Hybrid,Male
E10673,3,Analyst,2022-05-19,,True,776000,4.11,3,1,Hybrid,Male
E10674,2,Senior Associate,2026-06-19,,True,1800000,2.15,1,1,Hybrid,Male
E10675,7,Senior Manager,2024-09-15,,True,3095000,3.44,4,0,Hybrid,Male
E10676,1,Director,2025-02-19,,True,4919000,5.0,3,0,Onsite,Female
E10677,2,Analyst,2022-06-21,,True,818000,2.52,4,2,Onsite,Male
E10678,7,Analyst,2021-07-19,,True,752000,2.21,4,0,Onsite,Male
E10679,6,Director,2025-04-06,,True,4950000,2.55,2,0,Hybrid,Male
E10680,6,Manager,2020-10-23,,True,2082000,4.23,2,0,Hybrid,Male
E10681,1,Senior Manager,2025-04-24,,True,2734000,4.39,3,1,Remote,Female
E10682,1,Analyst,2024-06-26,,True,734000,3.24,4,2,Hybrid,Male
E10683,5,Senior Associate,2022-01-28,,True,1784000,4.08,3,0,Hybrid,Male
E10684,7,Senior Associate,2022-06-23,,True,1559000,4.57,4,1,Onsite,Female
E10685,4,Senior Associate,2019-01-01,,True,1627000,4.85,3,0,Hybrid,Male
E10686,4,Associate,2025-08-18,,True,1118000,3.43,3,0,Hybrid,Male
E10687,1,Analyst,2022-10-19,,True,662000,1.99,1,1,Hybrid,Female
E10688,5,Senior Associate,2023-04-18,,True,1503000,3.03,4,0,Onsite,Female
E10689,1,Analyst,2019-01-01,,True,803000,3.3,3,0,Hybrid,Male
E10690,1,Associate,2025-12-02,,True,1240000,3.42,4,0,Hybrid,Male
E10691,2,Director,2021-10-01,,True,4027000,3.47,3,1,Hybrid,Female
E10692,3,Associate,2023-08-21,,True,1044000,4.38,3,0,Remote,Male
E10693,1,Manager,2025-05-28,,True,1960000,4.49,4,4,Remote,Male
E10694,1,Analyst,2024-04-22,,True,689000,3.48,4,0,Remote,Male
E10695,4,Senior Associate,2025-02-11,,True,1496000,4.37,3,0,Hybrid,Male
E10696,1,Director,2023-07-20,,True,4575000,3.85,3,0,Remote,Male
E10697,4,Analyst,2019-01-04,,True,686000,3.65,4,2,Hybrid,Male
E10698,1,Analyst,2023-08-18,,True,686000,4.23,3,0,Onsite,Female
E10699,2,Associate,2023-02-04,,True,1172000,3.65,3,2,Onsite,Male
E10700,3,Analyst,2024-01-03,,True,866000,5.0,5,1,Onsite,Male
E10701,1,Manager,2026-04-27,,True,2128000,2.59,3,0,Onsite,Male
E10702,1,Senior Manager,2025-08-06,,True,3308000,3.24,1,1,Onsite,Female
E10703,1,Associate,2024-03-11,,True,990000,3.51,1,0,Onsite,Male
E10704,1,Analyst,2025-03-26,,True,857000,3.91,4,0,Hybrid,Male
E10705,7,Associate,2025-10-25,2026-04-03,False,1136000,4.49,4,2,Onsite,Male
E10706,1,Manager,2024-02-10,,True,2480000,3.58,3,0,Onsite,Male
E10707,6,Analyst,2025-03-03,2026-03-17,False,642000,2.6,3,0,Hybrid,Female
E10708,1,Senior Associate,2025-06-25,,True,1609000,4.19,3,0,Hybrid,Female
E10709,5,Senior Associate,2024-05-16,,True,1573000,4.13,4,0,Remote,Male
E10710,5,Senior Associate,2026-01-04,,True,1454000,2.24,2,0,Hybrid,Female
E10711,4,Analyst,2019-01-01,,True,694000,3.6,5,0,Hybrid,Male
E10712,2,Senior Associate,2019-08-10,,True,1599000,2.49,3,1,Onsite,Male
E10713,2,Analyst,2022-04-23,,True,803000,3.13,5,1,Onsite,Male
E10714,2,Analyst,2026-02-12,,True,638000,2.97,3,0,Onsite,Female
E10715,7,Senior Manager,2021-05-27,,True,3186000,4.17,4,0,Onsite,Male
E10716,6,Manager,2020-11-16,,True,2015000,3.68,3,0,Remote,Male
E10717,7,Analyst,2021-07-10,,True,664000,2.7,2,0,Onsite,Male
E10718,1,Analyst,2026-02-01,,True,783000,4.22,4,2,Onsite,Male
E10719,5,Analyst,2022-12-24,,True,706000,2.6,4,0,Onsite,Female
E10720,7,Analyst,2020-05-16,,True,738000,3.83,3,1,Hybrid,Female
E10721,1,Analyst,2023-07-26,,True,718000,3.03,4,0,Onsite,Female
E10722,1,Analyst,2022-12-16,,True,789000,3.34,3,1,Hybrid,Female
E10723,5,Associate,2024-05-29,2026-03-30,False,1065000,3.95,4,2,Onsite,Female
E10724,4,Manager,2023-12-08,,True,2598000,3.97,3,1,Onsite,Male
E10725,6,Senior Associate,2026-05-19,,True,1484000,4.54,3,1,Onsite,Male
E10726,1,Senior Associate,2023-01-11,,True,1681000,3.54,3,2,Hybrid,Male
E10727,5,Analyst,2026-03-18,,True,693000,3.81,3,0,Onsite,Male
E10728,1,Director,2024-07-21,,True,4528000,3.29,4,0,Hybrid,Male
E10729,1,Manager,2025-04-27,,True,2296000,3.73,3,0,Hybrid,Male
E10730,1,Manager,2023-10-24,,True,2132000,3.91,2,0,Hybrid,Male
E10731,6,Manager,2026-01-04,,True,2237000,3.53,3,1,Onsite,Male
E10732,5,Director,2022-06-28,,True,4191000,2.34,4,1,Onsite,Female
E10733,3,Senior Associate,2021-02-05,,True,1308000,3.83,3,0,Onsite,Male
E10734,2,Analyst,2025-11-22,,True,683000,3.86,3,0,Hybrid,Male
E10735,6,Senior Associate,2026-02-14,,True,1660000,3.12,5,1,Hybrid,Female
E10736,2,Manager,2025-12-18,,True,2457000,2.7,3,3,Hybrid,Male
E10737,6,Manager,2019-05-10,,True,2096000,4.63,4,3,Hybrid,Male
E10738,2,Senior Associate,2023-12-10,,True,1512000,3.94,4,1,Hybrid,Male
E10739,2,Analyst,2024-05-09,,True,639000,3.44,3,1,Hybrid,Female
E10740,2,Associate,2026-02-11,,True,983000,2.8,5,0,Onsite,Female
E10741,1,Senior Manager,2022-12-05,,True,3401000,3.02,4,0,Hybrid,Female
E10742,5,Senior Associate,2019-08-07,,True,1613000,4.51,3,0,Onsite,Male
E10743,3,Senior Associate,2020-06-30,,True,1409000,3.7,3,0,Hybrid,Male
E10744,1,Analyst,2023-02-23,2026-04-19,False,693000,3.21,4,1,Onsite,Male
E10745,7,Associate,2026-03-26,,True,1186000,3.96,3,0,Onsite,Female
E10746,2,Senior Manager,2026-02-03,,True,2822000,3.03,4,0,Remote,Female
E10747,3,Senior Associate,2026-04-30,2026-06-04,False,1475000,4.65,3,1,Hybrid,Male
E10748,7,Manager,2025-06-26,,True,2378000,4.55,3,0,Onsite,Female
E10749,4,Associate,2026-01-01,,True,1096000,3.27,3,0,Onsite,Male
E10750,1,Senior Associate,2025-06-22,2025-09-02,False,1539000,3.16,2,1,Hybrid,Female
E10751,7,Analyst,2024-11-03,,True,850000,1.77,2,0,Remote,Female
E10752,4,Senior Associate,2019-01-01,,True,1417000,2.56,4,0,Hybrid,Male
E10753,1,Associate,2023-04-15,,True,1159000,2.66,4,1,Remote,Female
E10754,1,Associate,2020-05-11,,True,956000,3.69,4,1,Onsite,Male
E10755,5,Senior Associate,2022-04-11,,True,1617000,3.37,4,0,Hybrid,Male
E10756,4,Director,2026-02-03,,True,5060000,2.66,4,0,Hybrid,Female
E10757,3,Analyst,2021-12-17,,True,742000,3.4,3,0,Hybrid,Male
E10758,7,Manager,2025-05-27,,True,2422000,3.95,4,0,Onsite,Male
E10759,5,Associate,2023-01-10,,True,1187000,3.97,3,0,Hybrid,Female
E10760,1,Associate,2025-01-29,,True,948000,2.27,5,0,Hybrid,Female
E10761,1,Analyst,2019-01-01,,True,803000,3.51,4,2,Hybrid,Male
E10762,1,Associate,2025-06-16,,True,1222000,2.63,3,2,Hybrid,Male
E10763,5,Associate,2025-05-20,,True,1102000,4.23,3,0,Hybrid,Female
E10764,1,Analyst,2019-01-01,,True,676000,4.15,3,1,Hybrid,Male
E10765,4,Associate,2026-05-31,,True,944000,2.97,2,0,Onsite,Female
E10766,5,Senior Manager,2022-06-08,,True,2874000,3.06,3,0,Onsite,Male
E10767,6,Analyst,2022-02-04,2022-09-04,False,655000,3.28,3,0,Hybrid,Male
E10768,2,Manager,2020-05-01,,True,2267000,2.02,2,0,Remote,Male
E10769,6,Associate,2019-01-01,,True,924000,3.84,5,0,Onsite,Male
E10770,1,Senior Associate,2019-01-01,,True,1418000,3.41,4,1,Hybrid,Female
E10771,6,Analyst,2026-04-08,,True,738000,4.28,4,0,Onsite,Male
E10772,1,Analyst,2020-08-15,,True,746000,2.83,4,0,Onsite,Male
E10773,2,Analyst,2022-12-16,,True,769000,3.17,3,0,Hybrid,Female
E10774,5,Analyst,2022-12-12,,True,803000,2.55,3,2,Hybrid,Male
E10775,1,Analyst,2026-01-12,2026-04-04,False,642000,2.9,4,0,Onsite,Male
E10776,1,Senior Associate,2022-12-02,2026-06-12,False,1346000,2.77,5,1,Hybrid,Male
E10777,5,Senior Manager,2019-01-01,,True,2672000,4.3,3,1,Hybrid,Male
E10778,5,Manager,2019-01-01,,True,2201000,3.11,4,0,Remote,Male
E10779,5,Senior Associate,2024-07-12,,True,1326000,3.69,5,0,Onsite,Male
E10780,5,Analyst,2026-05-12,,True,813000,3.33,4,0,Hybrid,Male
E10781,3,Associate,2024-12-19,,True,978000,2.71,5,0,Onsite,Female
E10782,1,Associate,2020-07-13,,True,1229000,3.48,3,2,Onsite,Male
E10783,2,Analyst,2022-05-19,,True,749000,4.02,5,1,Hybrid,Female
E10784,1,Associate,2024-05-27,,True,1056000,2.75,4,1,Hybrid,Female
E10785,7,Senior Associate,2026-04-22,,True,1701000,4.17,2,1,Onsite,Male
E10786,4,Associate,2024-08-08,,True,1150000,3.01,5,2,Remote,Male
E10787,2,Associate,2024-05-05,,True,1113000,3.26,3,0,Hybrid,Male
E10788,2,Manager,2019-01-01,,True,2577000,3.97,3,0,Hybrid,Male
E10789,7,Manager,2023-01-03,,True,2200000,3.14,3,0,Hybrid,Female
E10790,1,Associate,2025-03-24,,True,1183000,3.63,2,2,Onsite,Male
E10791,4,Senior Manager,2023-12-17,,True,2996000,3.38,3,0,Hybrid,Female
E10792,3,Director,2026-04-07,2026-05-22,False,5012000,3.69,4,1,Onsite,Female
E10793,4,Associate,2019-01-01,,True,991000,1.93,1,0,Remote,Male
E10794,1,Associate,2024-12-23,2026-04-12,False,1001000,2.32,3,2,Onsite,Male
E10795,6,Associate,2024-04-14,,True,1137000,4.03,1,0,Onsite,Male
E10796,7,Director,2025-01-01,,True,4093000,4.33,3,1,Hybrid,Female
E10797,4,Senior Manager,2022-08-04,,True,2843000,2.96,4,1,Onsite,Female
E10798,5,Analyst,2022-10-20,,True,705000,3.43,4,1,Onsite,Male
E10799,7,Associate,2022-03-21,,True,1138000,3.81,5,1,Hybrid,Male
E10800,5,Senior Associate,2025-06-08,,True,1756000,4.09,4,0,Remote,Male
E10801,1,Associate,2025-03-16,,True,1136000,2.18,3,1,Hybrid,Female
E10802,4,Analyst,2026-01-16,,True,833000,2.98,5,0,Onsite,Female
E10803,4,Senior Manager,2022-11-13,,True,3162000,3.37,4,1,Onsite,Male
E10804,2,Senior Associate,2026-05-12,,True,1340000,4.09,3,1,Onsite,Male
E10805,5,Manager,2023-05-25,,True,1964000,5.0,4,0,Hybrid,Male
E10806,7,Senior Manager,2019-07-22,2024-12-02,False,3173000,3.44,5,1,Hybrid,Male
E10807,7,Manager,2019-01-01,,True,2131000,2.62,4,1,Onsite,Female
E10808,2,Associate,2024-06-20,,True,977000,3.88,3,1,Onsite,Male
E10809,1,Senior Associate,2024-05-27,2025-01-11,False,1542000,4.52,4,1,Onsite,Female
E10810,7,Analyst,2026-03-24,,True,793000,3.68,2,0,Onsite,Male
E10811,6,Senior Associate,2022-09-18,,True,1500000,2.97,3,2,Onsite,Male
E10812,1,Analyst,2020-08-19,,True,827000,4.27,3,1,Hybrid,Male
E10813,7,Senior Associate,2025-07-17,,True,1680000,4.06,3,0,Onsite,Female
E10814,6,Analyst,2024-08-20,,True,810000,2.88,1,0,Hybrid,Female
E10815,3,Analyst,2020-04-12,,True,871000,3.87,2,0,Hybrid,Male
E10816,4,Analyst,2019-05-10,,True,702000,4.3,4,0,Onsite,Male
E10817,2,Analyst,2025-07-20,,True,788000,4.43,4,1,Hybrid,Male
E10818,1,Senior Associate,2023-10-10,,True,1739000,3.55,5,0,Hybrid,Male
E10819,1,Manager,2025-10-08,,True,2316000,3.35,3,0,Onsite,Female
E10820,6,Associate,2026-02-18,,True,1176000,4.46,3,1,Hybrid,Male
E10821,1,Analyst,2019-01-01,,True,732000,2.75,5,0,Onsite,Male
E10822,1,Analyst,2020-08-24,,True,775000,3.91,3,1,Remote,Female
E10823,2,Analyst,2021-08-20,,True,644000,2.64,4,2,Hybrid,Male
E10824,3,Analyst,2026-04-30,,True,872000,4.35,4,1,Hybrid,Male
E10825,7,Senior Manager,2020-03-04,,True,3422000,3.42,2,0,Remote,Male
E10826,2,Analyst,2024-07-14,,True,843000,4.49,4,1,Hybrid,Female
E10827,2,Associate,2025-01-26,,True,1143000,3.94,4,0,Hybrid,Male
E10828,5,Analyst,2023-10-21,,True,676000,2.74,2,0,Hybrid,Male
E10829,2,Analyst,2026-03-04,,True,638000,4.6,2,0,Onsite,Female
E10830,1,Associate,2021-09-07,,True,1203000,4.69,2,0,Hybrid,Male
E10831,2,Senior Associate,2023-07-11,,True,1506000,4.22,3,1,Onsite,Female
E10832,1,Analyst,2025-10-17,,True,695000,3.07,3,0,Onsite,Female
E10833,1,Analyst,2025-10-15,,True,768000,3.39,3,0,Hybrid,Female
E10834,2,Associate,2025-10-21,,True,1047000,3.7,3,4,Onsite,Female
E10835,2,Analyst,2026-04-19,,True,790000,3.11,5,2,Onsite,Male
E10836,7,Analyst,2023-06-25,,True,749000,4.78,3,0,Hybrid,Male
E10837,2,Director,2020-03-31,,True,4805000,3.7,2,1,Onsite,Female
E10838,4,Senior Associate,2026-06-10,,True,1738000,1.71,3,0,Onsite,Male
E10839,4,Senior Associate,2026-04-30,,True,1404000,3.84,3,1,Hybrid,Female
E10840,1,Associate,2023-08-08,,True,1015000,3.36,3,0,Hybrid,Female
E10841,5,Associate,2020-08-31,,True,1053000,3.55,3,2,Hybrid,Male
E10842,1,Senior Associate,2025-02-24,,True,1793000,3.34,2,2,Hybrid,Male
E10843,7,Senior Associate,2025-01-12,,True,1490000,4.16,4,0,Hybrid,Female
E10844,1,Senior Associate,2023-05-29,,True,1498000,4.38,5,0,Hybrid,Female
E10845,2,Analyst,2025-05-29,2025-06-28,False,790000,3.8,3,2,Hybrid,Female
E10846,1,Associate,2026-05-29,,True,1047000,3.36,3,0,Hybrid,Female
E10847,7,Associate,2021-12-21,,True,1233000,3.57,4,1,Remote,Female
E10848,3,Senior Manager,2023-02-25,,True,3518000,3.61,4,0,Onsite,Female
E10849,4,Senior Associate,2023-07-16,,True,1566000,3.04,3,0,Onsite,Male
E10850,1,Senior Associate,2021-11-20,,True,1632000,4.01,5,0,Onsite,Female
E10851,5,Analyst,2022-09-01,,True,644000,3.92,3,1,Hybrid,Male
E10852,1,Senior Associate,2025-09-18,,True,1658000,4.68,3,0,Onsite,Male
E10853,7,Analyst,2025-01-07,,True,803000,4.48,4,1,Hybrid,Male
E10854,1,Associate,2026-01-15,,True,1026000,3.12,5,0,Hybrid,Male
E10855,1,Analyst,2026-01-09,,True,684000,4.17,4,0,Hybrid,Male
E10856,1,Senior Associate,2022-08-28,2025-06-12,False,1769000,2.93,2,0,Onsite,Male
E10857,2,Analyst,2019-11-01,,True,735000,4.09,3,0,Hybrid,Male
E10858,4,Associate,2019-01-01,,True,1129000,3.24,3,0,Onsite,Male
E10859,1,Senior Manager,2023-02-16,,True,2644000,2.88,3,1,Hybrid,Male
E10860,5,Analyst,2025-10-21,2026-06-20,False,731000,3.8,4,0,Hybrid,Female
E10861,2,Associate,2026-02-13,2026-04-04,False,1186000,1.73,4,1,Onsite,Female
E10862,3,Associate,2020-10-15,,True,1036000,2.37,4,1,Remote,Female
E10863,2,Analyst,2023-07-22,,True,778000,3.48,5,0,Onsite,Male
E10864,2,Manager,2023-03-21,,True,2044000,3.66,3,1,Remote,Female
E10865,4,Analyst,2021-04-26,,True,732000,3.34,4,0,Onsite,Male
E10866,1,Associate,2022-05-11,,True,1225000,2.49,4,1,Onsite,Male
E10867,1,Senior Associate,2020-05-15,,True,1592000,3.03,3,2,Onsite,Female
E10868,6,Senior Associate,2026-04-20,,True,1763000,3.87,4,1,Onsite,Female
E10869,7,Senior Associate,2021-10-22,,True,1763000,4.01,2,3,Hybrid,Female
E10870,2,Analyst,2020-01-06,,True,861000,3.59,4,1,Hybrid,Female
E10871,1,Analyst,2025-05-08,,True,849000,4.41,3,0,Hybrid,Male
E10872,5,Manager,2023-01-05,,True,1892000,3.88,3,1,Onsite,Female
E10873,2,Senior Associate,2025-03-19,,True,1779000,3.08,4,1,Onsite,Female
E10874,1,Manager,2019-01-01,,True,1991000,3.4,4,1,Hybrid,Female
E10875,1,Manager,2026-05-20,,True,1919000,2.62,3,0,Onsite,Female
E10876,5,Manager,2023-07-18,,True,1931000,3.52,2,0,Hybrid,Male
E10877,5,Associate,2025-11-17,,True,1022000,4.38,3,1,Hybrid,Male
E10878,1,Associate,2022-04-03,,True,1117000,4.08,3,1,Onsite,Male
E10879,1,Manager,2025-11-03,,True,2186000,4.58,4,0,Hybrid,Male
E10880,1,Associate,2025-08-01,,True,909000,3.39,5,0,Hybrid,Male
E10881,5,Analyst,2024-03-05,,True,747000,4.54,3,0,Hybrid,Male
E10882,1,Senior Manager,2019-01-01,,True,3059000,3.46,4,2,Onsite,Female
E10883,1,Senior Manager,2025-09-08,,True,3378000,4.63,3,1,Onsite,Female
E10884,5,Associate,2025-12-20,,True,998000,3.58,4,0,Onsite,Female
E10885,1,Analyst,2021-08-26,,True,683000,4.1,3,0,Onsite,Male
E10886,5,Associate,2024-02-18,,True,990000,4.63,3,0,Onsite,Male
E10887,1,Manager,2019-01-01,,True,2113000,3.46,4,0,Hybrid,Female
E10888,1,Senior Manager,2025-12-16,,True,3218000,3.75,1,0,Hybrid,Male
E10889,1,Analyst,2022-12-17,,True,746000,4.5,4,0,Hybrid,Female
E10890,5,Analyst,2025-08-06,,True,713000,3.51,4,1,Onsite,Female
E10891,6,Senior Manager,2025-12-01,,True,2990000,2.68,3,0,Remote,Male
E10892,6,Associate,2022-07-31,,True,1030000,5.0,3,0,Onsite,Female
E10893,2,Senior Associate,2023-06-07,,True,1798000,3.27,4,0,Hybrid,Male
E10894,5,Director,2021-09-16,,True,4123000,3.71,4,0,Remote,Female
E10895,1,Analyst,2025-03-28,,True,830000,4.41,3,1,Hybrid,Male
E10896,1,Senior Associate,2024-06-22,2026-01-18,False,1664000,3.17,3,1,Remote,Male
E10897,7,Analyst,2024-09-22,,True,631000,2.89,4,1,Hybrid,Female
E10898,1,Associate,2019-01-01,,True,1248000,3.78,3,0,Onsite,Female
E10899,1,Manager,2025-04-27,,True,2446000,2.34,3,1,Onsite,Female
E10900,1,Associate,2025-04-23,,True,1139000,3.4,3,1,Onsite,Male
E10901,1,VP,2025-01-03,,True,6772000,3.77,4,3,Onsite,Female
E10902,1,Senior Associate,2023-09-01,,True,1587000,3.41,4,0,Hybrid,Female
E10903,4,Associate,2025-07-05,,True,989000,2.52,5,3,Onsite,Female
E10904,2,Analyst,2019-01-01,,True,639000,4.72,4,1,Hybrid,Female
E10905,7,Associate,2025-06-12,,True,1193000,3.67,5,0,Onsite,Female
E10906,6,Associate,2019-01-01,,True,1214000,4.6,3,0,Hybrid,Female
E10907,2,Analyst,2026-02-16,2026-06-27,False,670000,3.42,4,0,Remote,Male
E10908,1,Associate,2022-11-09,,True,1175000,2.98,1,1,Onsite,Male
E10909,2,Associate,2019-01-01,,True,1159000,3.79,4,1,Hybrid,Male
E10910,4,Manager,2025-11-13,,True,2021000,3.45,3,0,Hybrid,Female
E10911,1,Senior Associate,2019-01-01,,True,1519000,2.78,3,0,Onsite,Female
E10912,4,Senior Associate,2024-06-11,,True,1520000,4.63,4,1,Hybrid,Female
E10913,2,Analyst,2019-01-01,,True,816000,3.16,4,2,Onsite,Male
E10914,4,Analyst,2022-08-26,,True,835000,2.31,1,0,Hybrid,Male
E10915,2,Senior Associate,2025-04-11,,True,1353000,4.53,4,0,Hybrid,Male
E10916,1,Associate,2025-10-15,,True,1097000,3.25,3,1,Hybrid,Male
E10917,7,Analyst,2025-04-07,,True,817000,3.17,3,0,Hybrid,Male
E10918,5,Manager,2026-03-02,,True,2468000,2.36,4,0,Onsite,Female
E10919,1,Manager,2025-12-20,,True,1999000,4.82,3,1,Hybrid,Male
E10920,6,Senior Associate,2026-02-14,,True,1572000,2.7,5,0,Remote,Male
E10921,2,Analyst,2024-08-16,,True,840000,3.64,3,2,Remote,Male
E10922,7,Manager,2021-02-02,,True,2124000,4.24,4,1,Hybrid,Other
E10923,5,Senior Associate,2025-12-24,,True,1521000,3.9,4,2,Onsite,Female
E10924,2,Manager,2026-01-09,,True,2481000,3.56,3,1,Remote,Male
E10925,1,Manager,2022-12-26,,True,1956000,2.41,3,0,Onsite,Other
E10926,1,Manager,2025-10-01,,True,2522000,3.03,4,1,Hybrid,Male
E10927,3,Associate,2026-02-24,,True,1009000,3.73,4,1,Onsite,Male
E10928,4,Analyst,2025-11-16,,True,630000,3.05,3,1,Remote,Male
E10929,1,Senior Associate,2019-01-01,,True,1424000,3.74,3,1,Hybrid,Male
E10930,1,Senior Associate,2020-08-17,,True,1350000,4.08,2,0,Hybrid,Female
E10931,6,Manager,2025-01-04,2026-01-29,False,1958000,4.27,3,0,Onsite,Female
E10932,7,Analyst,2022-11-12,,True,800000,2.74,3,0,Hybrid,Female
E10933,3,Analyst,2023-11-15,,True,682000,5.0,2,0,Hybrid,Male
E10934,1,Senior Manager,2022-08-25,,True,3559000,4.14,4,0,Hybrid,Male
E10935,1,Manager,2022-08-03,,True,2270000,3.6,4,0,Onsite,Male
E10936,1,Senior Manager,2023-02-14,,True,3077000,4.36,5,1,Hybrid,Male
E10937,7,Manager,2025-06-11,,True,2209000,5.0,4,1,Onsite,Male
E10938,1,Senior Associate,2026-05-13,,True,1656000,2.59,5,1,Hybrid,Male
E10939,4,Senior Associate,2024-06-05,,True,1535000,3.44,3,1,Onsite,Female
E10940,1,Senior Manager,2019-01-01,,True,2741000,1.94,4,1,Onsite,Female
E10941,4,Senior Associate,2023-08-18,,True,1752000,3.73,5,1,Onsite,Male
E10942,5,Senior Associate,2020-05-31,,True,1522000,3.86,4,0,Onsite,Male
E10943,6,Analyst,2019-01-01,,True,648000,3.57,2,0,Onsite,Male
E10944,1,Associate,2025-11-21,,True,1085000,3.14,4,0,Remote,Male
E10945,1,Senior Associate,2022-06-28,,True,1634000,2.17,5,0,Hybrid,Male
E10946,1,Analyst,2022-09-04,,True,698000,3.86,4,1,Onsite,Male
E10947,7,Analyst,2019-01-01,,True,826000,4.62,3,0,Hybrid,Female
E10948,6,Associate,2019-01-01,,True,1134000,3.19,4,0,Hybrid,Female
E10949,4,Analyst,2022-07-18,,True,789000,3.91,5,1,Remote,Male
E10950,4,Analyst,2025-07-19,,True,733000,2.5,2,0,Onsite,Female
E10951,5,Associate,2021-01-14,,True,1237000,3.92,4,1,Onsite,Male
E10952,1,Senior Manager,2026-02-11,,True,2888000,3.32,3,0,Remote,Female
E10953,7,Associate,2021-04-30,,True,1102000,3.07,4,0,Onsite,Male
E10954,2,Analyst,2019-01-01,,True,706000,3.07,4,1,Onsite,Male
E10955,2,Analyst,2024-11-08,,True,812000,3.32,3,0,Onsite,Male
E10956,3,Senior Associate,2023-02-08,,True,1329000,3.87,3,0,Onsite,Male
E10957,1,Associate,2024-08-01,,True,916000,2.68,4,0,Remote,Male
E10958,1,Manager,2024-07-15,,True,2486000,3.32,2,2,Onsite,Other
E10959,5,Senior Associate,2025-03-26,,True,1525000,3.57,3,0,Remote,Female
E10960,1,Manager,2021-08-09,,True,2141000,2.83,4,3,Remote,Male
E10961,4,Analyst,2019-01-01,,True,779000,4.86,3,1,Hybrid,Male
E10962,1,Senior Associate,2019-01-01,,True,1661000,3.0,3,0,Onsite,Female
E10963,2,Analyst,2025-11-04,,True,679000,3.13,5,0,Onsite,Female
E10964,1,Director,2019-06-03,,True,4053000,2.92,3,1,Hybrid,Female
E10965,2,Senior Associate,2021-12-10,,True,1791000,4.86,3,0,Onsite,Male
E10966,5,Associate,2025-07-04,,True,1106000,3.99,4,0,Hybrid,Female
E10967,1,Analyst,2026-04-06,2026-05-19,False,726000,2.94,4,0,Onsite,Female
E10968,4,Analyst,2025-06-08,,True,826000,4.37,5,1,Remote,Male
E10969,2,Senior Associate,2019-01-01,,True,1572000,3.74,5,0,Hybrid,Male
E10970,5,Analyst,2023-01-30,,True,689000,3.78,4,1,Hybrid,Female
E10971,7,Senior Associate,2022-02-24,,True,1410000,3.36,3,2,Remote,Female
E10972,5,Analyst,2025-06-27,,True,727000,3.08,1,1,Onsite,Male
E10973,1,Senior Associate,2022-03-03,2022-09-16,False,1741000,3.84,3,1,Onsite,Female
E10974,1,Manager,2026-05-27,2026-06-27,False,1935000,3.22,2,0,Onsite,Male
E10975,1,Manager,2024-11-23,,True,2051000,4.87,4,0,Onsite,Male
E10976,4,Manager,2023-02-21,,True,2546000,2.71,4,0,Hybrid,Male
E10977,1,Analyst,2025-12-17,,True,660000,4.68,2,1,Onsite,Female
E10978,2,Analyst,2020-08-06,,True,784000,3.52,4,1,Onsite,Male
E10979,4,Senior Associate,2025-08-02,,True,1413000,3.81,3,0,Remote,Male
E10980,1,Associate,2022-11-25,,True,1112000,4.18,3,1,Onsite,Male
E10981,5,Associate,2024-09-23,2026-06-08,False,1034000,3.16,4,1,Hybrid,Male
E10982,1,Analyst,2023-05-30,,True,655000,4.2,3,0,Onsite,Female
E10983,1,Analyst,2026-02-10,,True,773000,1.7,3,0,Onsite,Male
E10984,5,Analyst,2026-06-10,,True,797000,3.1,2,1,Hybrid,Female
E10985,2,Senior Manager,2019-01-01,,True,3300000,2.95,3,0,Remote,Female
E10986,5,Analyst,2025-06-05,,True,786000,2.72,4,0,Onsite,Male
E10987,2,Senior Associate,2020-08-30,,True,1559000,3.45,5,2,Onsite,Female
E10988,1,Analyst,2019-01-01,,True,757000,3.87,3,0,Onsite,Male
E10989,6,Senior Associate,2025-09-09,,True,1628000,4.09,3,3,Onsite,Male
E10990,5,Associate,2025-06-13,,True,1142000,3.77,4,1,Onsite,Female
E10991,5,Senior Manager,2022-10-17,,True,3275000,3.13,5,2,Hybrid,Female
E10992,1,Senior Manager,2019-01-01,,True,3206000,3.86,3,0,Onsite,Male
E10993,4,Associate,2019-01-01,,True,955000,3.69,3,1,Hybrid,Male
E10994,2,Senior Manager,2024-02-13,,True,2824000,4.26,4,1,Hybrid,Female
E10995,1,VP,2021-02-05,,True,6442000,4.14,4,0,Onsite,Female
E10996,7,Manager,2026-01-01,,True,2566000,3.62,2,0,Onsite,Male
E10997,1,Manager,2019-01-01,,True,2448000,2.97,4,0,Remote,Male
E10998,7,Analyst,2019-01-01,,True,765000,3.14,3,0,Onsite,Male
E10999,2,Senior Associate,2025-11-21,,True,1433000,3.22,3,0,Hybrid,Male
E11000,1,Analyst,2025-04-15,,True,657000,3.38,3,2,Onsite,Male
E11001,3,Analyst,2026-02-20,2026-04-10,False,850000,3.79,4,0,Hybrid,Male
E11002,6,VP,2025-06-02,2026-05-13,False,7881000,4.1,3,0,Onsite,Male
E11003,5,Associate,2020-09-24,,True,939000,3.56,3,0,Onsite,Female
E11004,6,Manager,2024-11-17,,True,2476000,3.61,3,0,Onsite,Male
E11005,5,Manager,2026-03-08,,True,2218000,3.7,4,0,Onsite,Female
E11006,5,Senior Manager,2025-01-26,,True,2939000,3.24,3,0,Remote,Male
E11007,6,VP,2019-01-01,,True,7531000,2.95,3,0,Hybrid,Male
E11008,1,Analyst,2023-02-11,,True,781000,2.37,3,0,Onsite,Male
E11009,2,Analyst,2024-08-31,,True,821000,3.11,4,1,Hybrid,Female
E11010,1,Associate,2025-11-17,2026-05-02,False,926000,3.93,3,4,Remote,Male
E11011,7,Analyst,2019-01-01,,True,708000,3.11,3,0,Hybrid,Male
E11012,7,Analyst,2020-08-21,,True,708000,3.43,3,0,Onsite,Male
E11013,1,Associate,2025-05-16,,True,1015000,3.93,4,3,Remote,Male
E11014,5,Manager,2026-04-02,2026-06-11,False,2259000,3.96,3,1,Onsite,Male
E11015,7,Senior Associate,2026-04-20,,True,1449000,2.84,4,0,Hybrid,Female
E11016,1,Associate,2026-01-23,,True,1056000,4.3,4,1,Hybrid,Male
E11017,4,Senior Associate,2023-07-16,,True,1492000,4.39,5,1,Remote,Female
E11018,7,Analyst,2019-01-01,,True,810000,2.81,3,1,Remote,Female
E11019,1,Analyst,2024-02-28,,True,778000,3.02,5,3,Remote,Male
E11020,5,Manager,2020-03-11,,True,2370000,4.43,1,1,Onsite,Female
E11021,1,Senior Associate,2024-06-27,,True,1412000,3.5,3,0,Remote,Female
E11022,7,Manager,2022-04-19,,True,2129000,2.05,4,0,Onsite,Female
E11023,7,Analyst,2022-01-05,2022-05-29,False,635000,2.62,3,1,Onsite,Male
E11024,7,Manager,2025-11-06,,True,1970000,3.43,3,2,Hybrid,Female
E11025,2,Senior Associate,2024-12-21,,True,1440000,2.79,3,1,Hybrid,Female
E11026,6,Senior Associate,2023-01-16,,True,1338000,3.31,4,1,Hybrid,Male
E11027,6,Senior Associate,2026-04-01,2026-06-29,False,1611000,3.62,3,0,Hybrid,Male
E11028,1,Senior Manager,2024-12-20,,True,3623000,4.62,4,0,Remote,Female
E11029,6,Senior Associate,2023-11-22,,True,1356000,3.4,4,0,Onsite,Female
E11030,1,Senior Associate,2019-01-01,,True,1722000,4.35,4,0,Onsite,Male
E11031,4,VP,2024-04-22,,True,6120000,4.6,3,0,Remote,Female
E11032,1,Manager,2020-09-23,,True,2382000,4.6,5,0,Onsite,Male
E11033,1,Associate,2024-07-27,,True,1125000,3.8,3,0,Hybrid,Male
E11034,1,Senior Associate,2021-01-28,,True,1763000,2.23,2,0,Hybrid,Male
E11035,5,Associate,2023-06-01,,True,940000,3.92,2,1,Hybrid,Male
E11036,1,Analyst,2019-01-30,,True,707000,4.33,3,2,Hybrid,Female
E11037,5,Senior Associate,2024-09-11,2026-02-15,False,1351000,3.54,2,1,Onsite,Male
E11038,1,Senior Manager,2023-05-05,2026-05-11,False,3023000,4.82,2,1,Remote,Female
E11039,1,Senior Manager,2023-02-10,,True,3535000,4.2,3,2,Onsite,Male
E11040,3,Associate,2024-08-28,2025-12-22,False,1174000,4.0,3,1,Onsite,Male
E11041,5,Senior Associate,2025-12-20,,True,1672000,4.36,4,0,Onsite,Male
E11042,1,Analyst,2026-03-01,,True,761000,3.83,4,0,Hybrid,Male
E11043,4,VP,2026-06-11,,True,7860000,1.86,4,2,Hybrid,Female
E11044,7,VP,2019-06-15,,True,6872000,3.25,3,0,Remote,Male
E11045,4,Senior Associate,2025-07-31,,True,1381000,4.44,3,0,Hybrid,Female
E11046,1,Manager,2025-09-09,,True,2506000,3.03,5,1,Hybrid,Male
E11047,1,Senior Associate,2021-12-17,2023-06-15,False,1447000,3.44,1,1,Remote,Male
E11048,6,Senior Associate,2025-03-08,,True,1332000,2.87,4,0,Hybrid,Male
E11049,1,Analyst,2024-02-05,,True,661000,4.85,3,0,Hybrid,Female
E11050,6,Associate,2025-11-23,,True,1113000,4.78,5,1,Hybrid,Male
E11051,3,Senior Associate,2019-01-01,,True,1613000,2.98,3,0,Onsite,Female
E11052,7,Senior Associate,2019-12-31,,True,1437000,3.7,3,0,Hybrid,Female
E11053,5,Associate,2019-09-15,,True,1155000,3.12,4,0,Onsite,Male
E11054,7,Director,2024-09-20,,True,4917000,4.03,3,0,Hybrid,Male
E11055,2,Analyst,2021-08-08,,True,856000,3.96,3,0,Hybrid,Male
E11056,5,Associate,2025-12-20,,True,1105000,4.17,3,1,Remote,Female
E11057,2,Senior Associate,2026-06-21,,True,1701000,3.83,4,2,Remote,Male
E11058,2,Senior Associate,2026-06-06,,True,1687000,5.0,2,0,Hybrid,Male
E11059,4,Senior Associate,2023-06-28,,True,1436000,2.88,1,1,Hybrid,Male
E11060,6,Analyst,2024-06-05,,True,706000,2.4,3,0,Onsite,Female
E11061,7,Analyst,2024-01-05,,True,747000,3.32,2,0,Hybrid,Female
E11062,5,Senior Associate,2026-06-22,,True,1315000,2.5,4,1,Remote,Female
E11063,2,Senior Associate,2024-08-17,,True,1456000,2.56,3,2,Remote,Female
E11064,2,Analyst,2022-03-09,,True,746000,2.9,3,0,Remote,Male
E11065,5,Senior Associate,2024-07-04,,True,1360000,2.95,3,0,Onsite,Male
E11066,1,Associate,2022-01-04,,True,944000,2.93,3,0,Remote,Female
E11067,1,Senior Associate,2025-08-05,,True,1540000,3.96,2,0,Remote,Female
E11068,2,Manager,2020-10-13,,True,2427000,3.25,1,0,Onsite,Male
E11069,1,Analyst,2023-06-23,,True,834000,3.47,2,0,Hybrid,Male
E11070,1,Analyst,2025-09-10,,True,764000,4.23,5,0,Hybrid,Female
E11071,1,Manager,2025-07-30,,True,2239000,3.06,2,0,Hybrid,Male
E11072,1,Senior Associate,2023-02-17,,True,1500000,3.41,4,3,Remote,Male
E11073,1,Senior Associate,2020-06-18,2025-10-14,False,1403000,3.86,2,0,Hybrid,Female
E11074,7,Manager,2024-09-01,2025-06-29,False,1998000,2.24,2,0,Hybrid,Female
E11075,2,Manager,2025-06-25,,True,2472000,1.93,3,0,Hybrid,Male
E11076,2,Director,2019-08-17,,True,4464000,3.84,3,0,Hybrid,Male
E11077,5,Senior Associate,2022-09-23,,True,1706000,3.94,5,2,Remote,Male
E11078,1,Associate,2024-06-22,,True,1146000,5.0,5,0,Hybrid,Female
E11079,7,Associate,2024-03-21,,True,968000,3.71,4,0,Onsite,Other
E11080,5,Analyst,2025-09-20,,True,755000,4.17,4,0,Onsite,Female
E11081,1,Senior Associate,2023-02-21,,True,1530000,3.46,3,0,Onsite,Male
E11082,2,Analyst,2024-12-26,,True,734000,3.81,3,0,Hybrid,Male
E11083,6,Senior Manager,2019-01-01,,True,3161000,4.77,5,0,Remote,Female
E11084,7,Senior Associate,2024-04-08,,True,1803000,2.11,4,0,Onsite,Male
E11085,2,Senior Associate,2024-03-25,,True,1718000,3.89,3,0,Onsite,Female
E11086,4,Associate,2023-08-28,,True,1216000,5.0,3,0,Onsite,Female
E11087,1,Analyst,2019-01-01,,True,637000,3.8,2,0,Hybrid,Male
E11088,7,Analyst,2020-12-31,,True,664000,4.76,5,1,Remote,Female
E11089,1,Associate,2024-06-15,,True,930000,3.16,3,4,Hybrid,Male
E11090,7,Analyst,2022-03-06,,True,694000,3.58,3,1,Hybrid,Female
E11091,5,Senior Associate,2023-06-29,,True,1529000,3.62,2,0,Hybrid,Male
E11092,4,Senior Manager,2024-03-10,,True,3262000,2.05,4,4,Onsite,Female
E11093,3,Senior Manager,2025-10-09,,True,3118000,2.78,1,1,Hybrid,Female
E11094,1,Senior Associate,2024-05-17,,True,1763000,2.83,4,0,Hybrid,Male
E11095,1,Analyst,2025-07-15,,True,860000,4.18,2,3,Hybrid,Male
E11096,1,Senior Manager,2019-01-01,,True,2776000,4.21,4,0,Remote,Male
E11097,1,Senior Manager,2025-02-08,,True,3476000,3.83,4,0,Hybrid,Male
E11098,5,Analyst,2019-01-01,,True,748000,4.18,3,1,Hybrid,Female
E11099,2,Manager,2023-11-27,,True,2223000,3.49,3,0,Remote,Male
E11100,1,Associate,2023-02-05,2026-01-19,False,1175000,4.44,3,0,Remote,Male
E11101,7,Manager,2023-10-31,,True,1958000,3.61,3,3,Hybrid,Male
E11102,7,VP,2026-01-10,,True,7858000,3.64,4,0,Onsite,Female
E11103,7,Analyst,2024-11-22,,True,794000,3.41,3,0,Hybrid,Female
E11104,7,Senior Manager,2026-02-22,2026-06-01,False,3498000,4.08,3,0,Hybrid,Male
E11105,1,Senior Associate,2023-03-06,,True,1810000,3.31,3,1,Onsite,Female
E11106,2,Director,2024-06-25,,True,4541000,4.28,3,1,Onsite,Female
E11107,5,Associate,2021-05-15,,True,933000,2.81,4,0,Onsite,Male
E11108,5,Manager,2025-08-26,,True,2012000,2.83,3,1,Hybrid,Female
E11109,1,Analyst,2025-11-20,,True,709000,4.08,5,1,Hybrid,Male
E11110,6,Associate,2024-09-21,,True,936000,3.54,5,0,Onsite,Male
E11111,1,Analyst,2019-01-01,,True,830000,3.28,2,0,Onsite,Male
E11112,1,Director,2022-04-11,,True,4216000,4.22,3,0,Hybrid,Male
E11113,3,Manager,2024-08-25,,True,2607000,3.17,4,1,Onsite,Female
E11114,4,Senior Manager,2024-01-07,,True,3323000,3.46,3,0,Onsite,Male
E11115,4,Director,2026-03-14,,True,4035000,4.58,1,0,Hybrid,Male
E11116,1,Analyst,2019-01-01,,True,747000,4.68,3,1,Hybrid,Male
E11117,6,Associate,2022-10-04,,True,1063000,4.7,3,0,Onsite,Female
E11118,1,Analyst,2025-05-09,,True,751000,3.4,4,1,Hybrid,Female
E11119,1,Analyst,2023-07-01,2024-05-18,False,761000,4.46,2,1,Onsite,Male
E11120,7,Analyst,2026-02-07,,True,638000,2.94,2,1,Hybrid,Female
E11121,7,Associate,2019-01-01,,True,1140000,2.97,5,1,Onsite,Female
E11122,6,Analyst,2025-11-04,,True,749000,1.95,4,1,Onsite,Male
E11123,6,Analyst,2022-12-10,,True,824000,4.77,3,1,Hybrid,Female
E11124,5,Analyst,2025-07-16,,True,830000,3.0,4,1,Hybrid,Male
E11125,4,Analyst,2022-03-11,,True,686000,3.51,3,0,Onsite,Male
E11126,1,Director,2021-05-22,,True,3851000,2.96,4,1,Onsite,Male
E11127,2,Manager,2022-09-08,,True,2407000,4.09,3,0,Hybrid,Male
E11128,2,Director,2023-04-02,,True,5217000,3.34,3,0,Hybrid,Other
E11129,1,Associate,2019-01-01,,True,1056000,2.69,4,0,Onsite,Male
E11130,5,Analyst,2026-03-22,,True,694000,3.91,3,2,Hybrid,Female
E11131,2,Manager,2025-02-16,2026-04-27,False,2005000,2.6,5,2,Onsite,Male
E11132,1,Associate,2025-07-11,,True,1001000,3.01,3,1,Hybrid,Female
E11133,1,Associate,2019-01-01,2022-07-11,False,1015000,2.13,5,1,Onsite,Male
E11134,5,Analyst,2024-10-26,,True,734000,2.6,5,0,Onsite,Female
E11135,1,Analyst,2022-01-02,,True,791000,3.72,3,0,Onsite,Male
E11136,6,Analyst,2022-07-26,,True,697000,2.22,4,0,Hybrid,Female
E11137,2,Associate,2025-09-08,,True,918000,2.56,3,1,Onsite,Female
E11138,2,Senior Associate,2025-07-27,,True,1494000,3.6,5,0,Onsite,Female
E11139,4,Analyst,2025-05-16,,True,840000,3.22,3,1,Onsite,Male
E11140,6,Analyst,2024-09-10,,True,752000,4.99,4,0,Onsite,Male
E11141,2,Manager,2025-08-03,,True,2599000,4.88,3,2,Hybrid,Female
E11142,5,Analyst,2026-06-07,,True,753000,2.99,3,0,Onsite,Male
E11143,4,Associate,2019-04-17,,True,997000,3.99,3,1,Hybrid,Male
E11144,1,Senior Manager,2019-01-01,,True,2806000,4.12,3,0,Onsite,Male
E11145,6,Analyst,2025-01-27,2025-10-14,False,800000,3.18,4,0,Onsite,Male
E11146,5,Analyst,2025-02-02,,True,761000,2.55,4,0,Hybrid,Male
E11147,5,Associate,2026-06-23,,True,1111000,3.59,4,3,Remote,Male
E11148,6,Associate,2022-08-12,,True,1164000,3.48,3,0,Onsite,Male
E11149,6,Senior Associate,2020-07-20,,True,1673000,3.29,3,0,Onsite,Male
E11150,5,Manager,2025-12-16,,True,1922000,3.91,2,1,Hybrid,Male
E11151,6,Analyst,2025-11-27,,True,827000,3.07,4,0,Remote,Male
E11152,5,Senior Associate,2021-03-07,,True,1575000,2.79,5,1,Remote,Female
E11153,5,Associate,2023-03-27,,True,1037000,3.68,3,0,Hybrid,Male
E11154,4,Analyst,2026-05-05,,True,762000,3.87,1,2,Hybrid,Female
E11155,5,Senior Associate,2023-03-07,2025-10-29,False,1616000,2.78,3,1,Hybrid,Male
E11156,1,Analyst,2025-03-29,,True,667000,4.25,4,0,Hybrid,Male
E11157,7,Associate,2024-12-06,,True,1046000,2.36,4,2,Hybrid,Male
E11158,6,Analyst,2021-06-30,,True,712000,3.2,4,0,Remote,Male
E11159,1,Associate,2020-10-28,,True,1023000,3.42,3,0,Hybrid,Female
E11160,6,Associate,2024-10-03,,True,932000,3.15,4,1,Hybrid,Male
E11161,1,Manager,2019-01-01,,True,2007000,3.2,4,0,Hybrid,Female
E11162,1,Analyst,2024-09-20,,True,670000,4.91,3,0,Hybrid,Female
E11163,5,Associate,2021-06-18,,True,1031000,3.0,3,0,Hybrid,Male
E11164,1,Associate,2024-03-30,,True,1213000,5.0,2,0,Hybrid,Male
E11165,6,Manager,2019-01-01,,True,2041000,3.91,3,1,Onsite,Male
E11166,6,Senior Associate,2019-01-01,,True,1516000,3.66,4,0,Onsite,Female
E11167,3,Senior Associate,2026-03-10,2026-05-08,False,1463000,3.93,3,2,Hybrid,Female
E11168,1,Manager,2019-01-01,,True,2469000,5.0,4,0,Hybrid,Female
E11169,1,Senior Manager,2020-07-19,,True,2661000,2.9,3,1,Onsite,Male
E11170,4,Associate,2021-02-27,,True,969000,2.82,3,1,Hybrid,Female
E11171,7,Senior Associate,2025-09-25,,True,1412000,3.07,3,0,Onsite,Female
E11172,4,Manager,2020-12-04,,True,2620000,3.62,3,0,Onsite,Male
E11173,1,VP,2020-01-12,,True,7149000,2.39,3,2,Remote,Female
E11174,4,Senior Manager,2025-05-03,,True,2751000,3.62,2,0,Remote,Male
E11175,3,Associate,2019-01-01,,True,995000,4.79,3,0,Onsite,Male
E11176,5,Analyst,2026-04-29,,True,671000,3.71,2,0,Hybrid,Female
E11177,1,Associate,2025-12-11,,True,944000,3.4,2,1,Onsite,Male
E11178,5,Manager,2023-11-15,,True,2476000,3.17,3,3,Remote,Male
E11179,3,Associate,2023-07-30,,True,1074000,4.23,3,0,Onsite,Male
E11180,7,Associate,2022-12-20,,True,1121000,3.02,5,0,Onsite,Male
E11181,2,Manager,2026-06-10,,True,2133000,4.89,3,0,Hybrid,Male
E11182,4,Associate,2019-01-01,,True,1094000,4.95,4,0,Hybrid,Other
E11183,7,Senior Manager,2026-05-06,,True,2871000,3.78,3,0,Onsite,Male
E11184,1,Associate,2025-12-21,,True,1008000,3.59,4,0,Hybrid,Male
E11185,7,Associate,2026-06-14,,True,1128000,4.32,3,1,Onsite,Female
E11186,5,Associate,2023-08-25,2025-05-01,False,953000,4.37,5,3,Remote,Male
E11187,1,Manager,2019-01-01,,True,2344000,3.04,3,0,Onsite,Male
E11188,1,Analyst,2022-10-06,,True,839000,3.23,4,0,Remote,Male
E11189,5,Analyst,2020-08-09,,True,660000,2.67,3,0,Hybrid,Male
E11190,1,Director,2026-06-15,,True,5099000,3.89,2,0,Onsite,Male
E11191,4,Analyst,2023-11-03,2024-04-01,False,649000,4.07,4,1,Remote,Male
E11192,2,Senior Associate,2024-05-27,2025-10-01,False,1482000,2.66,1,0,Remote,Male
E11193,4,Senior Associate,2024-02-22,2025-08-22,False,1615000,3.28,3,1,Hybrid,Female
E11194,1,Associate,2026-03-30,,True,1096000,2.66,3,0,Onsite,Male
E11195,6,Senior Associate,2022-07-27,,True,1354000,2.97,4,1,Hybrid,Female
E11196,7,Analyst,2024-02-12,,True,826000,3.99,5,1,Hybrid,Female
E11197,7,Senior Associate,2021-07-24,,True,1799000,3.09,3,1,Hybrid,Male
E11198,5,Associate,2024-03-27,,True,963000,3.39,4,0,Hybrid,Female
E11199,1,Senior Associate,2025-12-12,,True,1759000,2.46,3,1,Onsite,Male
E11200,5,Analyst,2022-12-09,2025-11-20,False,766000,3.73,3,0,Hybrid,Male
E11201,1,Senior Associate,2025-11-08,,True,1780000,3.57,5,0,Hybrid,Male
E11202,1,Analyst,2019-06-26,,True,673000,3.09,4,0,Onsite,Female
E11203,1,Analyst,2023-04-07,,True,824000,3.47,4,0,Hybrid,Male
E11204,2,Analyst,2025-12-01,,True,645000,3.73,3,1,Hybrid,Male
E11205,5,Analyst,2019-01-01,,True,846000,3.03,3,1,Hybrid,Male
E11206,5,Manager,2024-01-04,,True,2386000,2.57,3,0,Onsite,Female
E11207,2,Associate,2026-03-29,,True,1030000,4.86,3,2,Hybrid,Male
E11208,1,Senior Manager,2023-02-21,2025-02-25,False,2803000,3.16,3,0,Onsite,Male
E11209,7,Director,2025-07-03,,True,4980000,3.53,4,0,Hybrid,Male
E11210,2,Senior Associate,2020-12-13,,True,1611000,4.31,4,0,Hybrid,Female
E11211,2,Analyst,2020-09-11,,True,718000,5.0,3,1,Hybrid,Male
E11212,1,Associate,2019-01-01,,True,1055000,2.73,1,1,Onsite,Male
E11213,5,Manager,2024-02-15,,True,2498000,3.91,4,0,Hybrid,Female
E11214,5,Associate,2024-06-06,,True,1019000,3.1,3,1,Remote,Male
E11215,1,Analyst,2021-09-23,,True,652000,3.22,4,0,Onsite,Female
E11216,1,Senior Associate,2026-01-06,,True,1767000,3.1,1,3,Remote,Female
E11217,5,Manager,2023-10-20,,True,2175000,2.81,3,0,Hybrid,Female
E11218,5,Manager,2023-10-22,,True,2146000,3.57,5,1,Hybrid,Male
E11219,1,Analyst,2026-03-07,2026-05-15,False,680000,2.57,2,1,Onsite,Male
E11220,7,Senior Associate,2024-08-27,,True,1760000,4.26,3,0,Onsite,Male
E11221,1,Analyst,2019-12-17,,True,683000,3.64,3,1,Remote,Female
E11222,2,Analyst,2019-11-22,,True,786000,3.9,5,0,Onsite,Other
E11223,7,Senior Manager,2026-02-21,,True,3504000,3.27,4,0,Onsite,Male
E11224,2,Analyst,2026-03-05,,True,639000,3.34,3,0,Hybrid,Female
E11225,4,Analyst,2025-06-17,,True,833000,3.8,2,0,Onsite,Female
E11226,2,Analyst,2019-06-03,,True,731000,2.79,4,0,Hybrid,Male
E11227,1,Senior Manager,2026-01-11,2026-06-10,False,3278000,3.35,3,0,Hybrid,Male
E11228,7,Manager,2022-02-28,,True,2164000,3.0,4,1,Remote,Male
E11229,2,Senior Associate,2026-02-19,,True,1658000,2.98,2,1,Hybrid,Male
E11230,7,Manager,2023-03-05,2024-06-13,False,2077000,2.12,2,1,Onsite,Female
E11231,1,Analyst,2024-12-31,2026-06-12,False,635000,4.54,4,3,Onsite,Female
E11232,1,Associate,2021-03-14,,True,1232000,3.12,3,0,Hybrid,Male
E11233,1,Associate,2025-08-04,,True,906000,4.41,4,3,Onsite,Male
E11234,5,Analyst,2023-01-10,,True,832000,4.35,2,1,Remote,Male
E11235,2,Associate,2025-08-01,,True,959000,2.7,3,0,Hybrid,Female
E11236,6,Senior Manager,2022-03-28,2025-08-06,False,3008000,2.84,5,0,Onsite,Female
E11237,2,Analyst,2019-06-14,,True,832000,5.0,3,0,Remote,Male
E11238,7,Associate,2026-01-14,,True,972000,4.83,4,2,Onsite,Female
E11239,1,Analyst,2019-08-21,,True,842000,3.58,3,1,Onsite,Male
E11240,6,Analyst,2023-06-07,,True,752000,3.78,4,1,Hybrid,Male
E11241,5,Senior Manager,2026-01-13,,True,2982000,3.16,4,2,Remote,Other
E11242,5,Associate,2024-08-06,,True,1132000,3.9,3,0,Hybrid,Male
E11243,6,Associate,2025-11-25,,True,1019000,3.1,4,1,Onsite,Male
E11244,5,Manager,2022-05-24,,True,2145000,2.18,4,0,Onsite,Male
E11245,4,Analyst,2021-08-26,,True,810000,2.67,3,1,Onsite,Male
E11246,1,Associate,2026-02-12,,True,1008000,3.61,3,1,Onsite,Male
E11247,1,Associate,2024-02-04,,True,970000,2.81,3,0,Onsite,Male
E11248,7,Senior Associate,2020-10-03,,True,1715000,3.55,3,1,Hybrid,Female
E11249,4,VP,2019-01-01,,True,7682000,2.85,3,0,Remote,Male
E11250,5,Manager,2024-01-17,,True,2256000,3.05,3,0,Onsite,Male
E11251,2,Associate,2019-01-01,,True,1084000,4.2,3,0,Onsite,Male
E11252,1,Manager,2023-11-20,,True,2402000,3.77,4,1,Hybrid,Female
E11253,1,Analyst,2024-10-16,,True,755000,3.59,3,2,Hybrid,Male
E11254,5,Analyst,2020-01-28,,True,732000,4.22,5,1,Remote,Female
E11255,2,Analyst,2024-03-08,,True,874000,3.94,3,0,Onsite,Male
E11256,1,Associate,2024-04-28,,True,952000,4.61,3,0,Onsite,Male
E11257,2,Associate,2024-03-15,,True,1107000,3.28,4,0,Hybrid,Male
E11258,1,Senior Associate,2020-02-09,,True,1755000,3.3,3,1,Hybrid,Other
E11259,4,Senior Manager,2020-06-03,,True,3308000,2.69,3,0,Hybrid,Male
E11260,1,Associate,2024-09-26,2026-06-17,False,1208000,3.3,2,2,Hybrid,Male
E11261,5,Associate,2025-02-12,,True,1018000,4.28,3,1,Onsite,Male
E11262,1,Analyst,2024-03-11,,True,697000,4.51,3,1,Hybrid,Male
E11263,2,Analyst,2023-08-08,2025-10-23,False,839000,4.27,5,1,Hybrid,Male
E11264,1,Senior Associate,2025-07-28,,True,1505000,2.34,3,0,Onsite,Male
E11265,1,Associate,2021-02-12,,True,1148000,4.36,4,0,Hybrid,Male
E11266,2,Manager,2024-03-24,2025-02-26,False,1999000,2.31,4,0,Hybrid,Male
E11267,2,Analyst,2025-02-11,,True,815000,4.23,3,1,Onsite,Male
E11268,4,Analyst,2026-02-11,,True,765000,3.34,3,2,Onsite,Male
E11269,1,Associate,2025-07-27,,True,994000,4.09,4,0,Onsite,Female
E11270,5,Analyst,2019-01-01,,True,751000,2.67,4,3,Onsite,Male
E11271,6,Analyst,2025-04-05,,True,801000,4.42,3,0,Hybrid,Male
E11272,5,Manager,2025-11-13,,True,1899000,2.57,3,0,Hybrid,Male
E11273,1,Analyst,2024-05-24,,True,786000,3.13,3,0,Onsite,Male
E11274,2,Senior Associate,2025-04-01,2025-07-09,False,1580000,2.9,2,0,Onsite,Female
E11275,1,Associate,2026-05-18,2026-06-29,False,977000,2.37,3,1,Remote,Female
E11276,1,Analyst,2025-03-03,,True,814000,3.67,4,0,Onsite,Female
E11277,7,Associate,2023-10-28,,True,1006000,4.86,3,0,Onsite,Male
E11278,1,Manager,2023-10-07,,True,2093000,5.0,4,1,Onsite,Male
E11279,2,Associate,2024-12-30,,True,1065000,3.67,4,1,Hybrid,Male
E11280,4,Manager,2024-06-24,2025-06-29,False,2387000,4.38,3,0,Onsite,Male
E11281,5,Analyst,2019-01-01,,True,858000,3.76,2,0,Hybrid,Male
E11282,4,Manager,2024-11-19,,True,1994000,3.95,4,1,Onsite,Male
E11283,1,Analyst,2025-06-25,,True,727000,3.36,4,1,Onsite,Female
E11284,1,Senior Associate,2025-07-19,,True,1339000,3.74,4,0,Onsite,Male
E11285,3,Senior Associate,2024-05-31,,True,1690000,3.98,1,1,Hybrid,Female
E11286,1,Senior Manager,2021-08-23,,True,3064000,3.2,3,1,Hybrid,Male
E11287,2,Associate,2025-09-17,,True,1147000,3.55,2,0,Onsite,Female
E11288,1,Analyst,2022-04-16,,True,709000,3.56,3,2,Onsite,Male
E11289,1,Analyst,2026-06-05,,True,837000,4.18,4,1,Hybrid,Female
E11290,2,Manager,2024-08-25,,True,2283000,2.85,2,1,Hybrid,Male
E11291,1,Senior Associate,2021-05-27,,True,1784000,3.56,4,0,Onsite,Male
E11292,4,Manager,2025-02-02,,True,1948000,4.94,3,0,Hybrid,Male
E11293,5,Analyst,2023-09-03,,True,756000,4.41,4,0,Onsite,Other
E11294,6,Associate,2025-09-19,,True,1168000,4.54,5,0,Onsite,Other
E11295,1,Analyst,2021-11-18,,True,777000,3.62,2,0,Onsite,Male
E11296,1,Director,2026-04-26,,True,3814000,3.82,5,2,Hybrid,Female
E11297,1,Senior Associate,2019-12-23,,True,1798000,4.3,2,0,Onsite,Male
E11298,4,Director,2025-09-30,,True,4218000,4.69,3,1,Hybrid,Male
E11299,5,Analyst,2019-06-07,,True,691000,2.23,4,0,Hybrid,Male
E11300,1,Senior Associate,2025-01-07,,True,1551000,2.68,5,0,Hybrid,Other
E11301,7,Senior Associate,2022-02-16,,True,1580000,4.52,3,0,Onsite,Male
E11302,1,Associate,2025-03-10,,True,1168000,3.41,3,0,Onsite,Male
E11303,3,Manager,2019-01-01,,True,2179000,3.13,4,0,Remote,Male
E11304,5,Director,2026-01-14,,True,4427000,2.72,4,0,Hybrid,Male
E11305,6,Senior Manager,2025-10-30,,True,3153000,3.21,2,0,Hybrid,Male
E11306,5,Manager,2024-03-08,2024-05-08,False,2180000,2.62,4,1,Onsite,Male
E11307,6,Analyst,2026-03-17,,True,854000,5.0,3,0,Onsite,Male
E11308,1,Associate,2025-10-03,,True,1198000,3.58,3,0,Hybrid,Male
E11309,6,Director,2019-01-01,2019-05-28,False,4449000,3.56,3,2,Onsite,Male
E11310,1,Analyst,2019-01-01,,True,630000,4.01,3,0,Hybrid,Male
E11311,7,Senior Associate,2024-11-21,,True,1762000,4.27,5,1,Onsite,Female
E11312,3,Senior Associate,2019-01-01,,True,1368000,4.26,3,0,Onsite,Male
E11313,6,Senior Associate,2023-10-26,,True,1429000,4.35,5,0,Onsite,Female
E11314,2,VP,2025-06-05,,True,6197000,3.16,3,2,Onsite,Male
E11315,5,Associate,2022-05-15,,True,963000,3.39,4,0,Onsite,Male
E11316,3,Associate,2022-11-01,2025-05-07,False,1181000,4.14,4,3,Hybrid,Male
E11317,5,Analyst,2019-01-01,,True,772000,3.23,4,0,Onsite,Female
E11318,1,Associate,2025-06-13,,True,1235000,3.6,4,1,Onsite,Female
E11319,1,Analyst,2022-09-13,2022-10-27,False,687000,3.88,3,0,Remote,Male
E11320,1,Associate,2026-04-26,,True,1070000,4.15,4,0,Hybrid,Male
E11321,1,Manager,2026-02-01,,True,2608000,2.36,4,2,Onsite,Female
E11322,6,Director,2026-06-27,,True,4995000,4.1,2,1,Hybrid,Male
E11323,1,Analyst,2019-01-01,,True,809000,3.44,4,1,Remote,Female
E11324,7,Associate,2020-12-22,,True,966000,4.1,3,0,Onsite,Male
E11325,1,Senior Manager,2021-03-26,,True,3391000,4.14,3,0,Onsite,Female
E11326,1,Analyst,2024-01-26,,True,715000,4.73,4,0,Hybrid,Male
E11327,5,Analyst,2025-04-13,,True,760000,4.55,3,1,Onsite,Male
E11328,5,Analyst,2025-12-09,,True,779000,4.54,4,1,Hybrid,Female
E11329,2,Senior Associate,2025-05-11,,True,1614000,4.61,3,0,Remote,Male
E11330,4,Analyst,2024-11-22,,True,808000,3.8,1,0,Remote,Male
E11331,5,Director,2021-09-08,,True,4753000,3.62,3,0,Onsite,Male
E11332,1,Associate,2023-11-09,,True,924000,4.21,2,0,Onsite,Male
E11333,7,Associate,2026-03-23,,True,1060000,4.11,4,1,Remote,Male
E11334,7,Analyst,2026-06-09,,True,793000,3.38,3,1,Hybrid,Female
E11335,5,Associate,2026-02-17,,True,1004000,3.88,3,0,Onsite,Female
E11336,1,Senior Associate,2024-09-12,,True,1464000,3.58,2,1,Hybrid,Male
E11337,5,Manager,2019-01-01,,True,1982000,3.0,3,0,Onsite,Female
E11338,1,Manager,2023-01-16,,True,2198000,4.5,4,0,Onsite,Male
E11339,1,Senior Associate,2020-12-25,,True,1806000,3.64,3,1,Remote,Female
E11340,1,Senior Manager,2024-05-11,,True,2900000,5.0,4,0,Onsite,Male
E11341,2,Manager,2024-12-20,,True,2281000,2.46,5,1,Onsite,Female
E11342,6,Manager,2026-02-09,,True,2436000,3.21,4,0,Onsite,Female
E11343,5,Analyst,2019-05-22,,True,633000,3.62,4,2,Hybrid,Male
E11344,5,Analyst,2021-04-16,,True,851000,4.4,2,0,Onsite,Male
E11345,2,Analyst,2025-11-14,,True,725000,3.88,3,2,Hybrid,Male
E11346,2,Senior Associate,2024-01-20,,True,1746000,3.82,4,0,Hybrid,Male
E11347,2,Associate,2024-03-22,,True,914000,2.81,4,0,Hybrid,Male
E11348,7,Associate,2023-02-27,,True,951000,2.79,4,4,Onsite,Male
E11349,1,Senior Manager,2019-01-01,,True,2937000,3.83,4,0,Hybrid,Female
E11350,6,Senior Manager,2023-07-19,,True,2961000,2.65,3,2,Onsite,Female
E11351,4,Senior Manager,2023-11-07,,True,3471000,3.23,2,0,Hybrid,Male
E11352,2,Associate,2026-04-28,,True,904000,3.95,4,1,Onsite,Male
E11353,5,Senior Associate,2026-04-12,,True,1630000,2.91,4,0,Onsite,Female
E11354,2,Analyst,2025-10-16,,True,662000,4.72,3,1,Hybrid,Female
E11355,6,Analyst,2026-05-21,,True,832000,4.46,4,0,Onsite,Male
E11356,7,Analyst,2021-11-12,,True,821000,2.5,3,1,Onsite,Male
E11357,2,Associate,2022-02-13,,True,1075000,2.95,3,0,Onsite,Female
E11358,1,Associate,2025-12-31,,True,974000,2.0,4,0,Hybrid,Female
E11359,4,Manager,2020-05-03,,True,2356000,3.05,4,3,Onsite,Male
E11360,7,Analyst,2025-12-04,,True,668000,4.14,3,0,Onsite,Female
E11361,1,Manager,2025-04-12,,True,2030000,3.31,2,0,Onsite,Female
E11362,4,Senior Associate,2025-07-10,,True,1623000,3.92,3,1,Hybrid,Male
E11363,4,Associate,2024-11-29,2025-11-15,False,1247000,2.53,4,2,Onsite,Female
E11364,5,Associate,2025-07-01,,True,1212000,4.16,3,0,Onsite,Male
E11365,1,Associate,2024-03-18,2026-01-03,False,1108000,3.21,4,0,Onsite,Female
E11366,5,Senior Associate,2024-09-18,2025-09-19,False,1578000,3.61,5,0,Onsite,Male
E11367,7,Associate,2019-01-01,,True,1249000,3.53,4,0,Hybrid,Male
E11368,1,Analyst,2026-04-21,,True,764000,2.71,3,1,Hybrid,Female
E11369,1,Analyst,2025-12-23,,True,733000,2.79,4,0,Remote,Female
E11370,7,Senior Associate,2026-04-25,2026-06-13,False,1767000,4.28,3,0,Onsite,Female
E11371,1,Senior Manager,2023-02-24,,True,2848000,3.88,3,0,Remote,Male
E11372,6,Associate,2026-04-23,,True,934000,4.34,2,0,Onsite,Male
E11373,2,Manager,2020-04-30,,True,2356000,3.83,3,0,Remote,Other
E11374,1,Senior Associate,2024-01-21,,True,1354000,3.7,5,0,Onsite,Female
E11375,6,Director,2023-12-13,,True,4329000,2.39,3,0,Hybrid,Female
E11376,2,Manager,2023-09-09,2025-08-28,False,2201000,3.41,3,0,Onsite,Male
E11377,3,Senior Associate,2025-11-10,2025-12-15,False,1583000,3.58,5,0,Onsite,Male
E11378,2,Senior Associate,2025-09-30,,True,1808000,4.97,1,0,Hybrid,Male
E11379,4,Senior Manager,2025-03-11,2025-06-27,False,2834000,4.08,4,0,Hybrid,Female
E11380,1,Associate,2023-06-07,,True,1032000,4.68,3,1,Remote,Female
E11381,2,Associate,2025-09-11,,True,946000,4.02,2,1,Hybrid,Male
E11382,7,Analyst,2026-01-29,,True,779000,3.1,5,0,Hybrid,Male
E11383,1,Manager,2019-01-01,,True,2425000,3.68,2,1,Onsite,Male
E11384,5,Manager,2026-06-04,,True,2244000,3.77,3,1,Remote,Female
E11385,1,Analyst,2020-12-20,,True,690000,2.94,3,0,Hybrid,Male
E11386,5,Senior Associate,2021-03-19,,True,1620000,3.33,2,1,Hybrid,Female
E11387,1,Associate,2025-04-19,,True,1089000,3.46,2,0,Onsite,Male
E11388,7,Analyst,2026-01-01,,True,672000,4.72,2,0,Hybrid,Male
E11389,2,VP,2025-12-18,,True,6773000,2.14,2,0,Remote,Male
E11390,1,Analyst,2022-06-05,,True,737000,4.44,4,0,Onsite,Female
E11391,1,Analyst,2022-12-28,,True,871000,2.94,3,1,Onsite,Male
E11392,1,Senior Associate,2021-04-18,,True,1736000,2.64,3,1,Onsite,Female
E11393,3,Manager,2019-01-01,,True,2430000,4.43,3,2,Hybrid,Female
E11394,1,Analyst,2022-06-27,,True,848000,4.11,5,2,Onsite,Male
E11395,6,Senior Associate,2025-12-03,,True,1678000,4.48,5,0,Onsite,Male
E11396,2,Senior Associate,2025-07-19,,True,1763000,4.16,4,0,Onsite,Female
E11397,1,Analyst,2020-03-17,,True,643000,5.0,4,1,Hybrid,Male
E11398,4,Analyst,2025-09-12,,True,742000,3.99,3,1,Onsite,Male
E11399,5,Senior Associate,2026-03-30,,True,1684000,3.49,3,1,Onsite,Female
E11400,1,Associate,2022-05-11,2026-04-14,False,1104000,3.84,4,1,Remote,Female
E11401,1,Director,2024-09-29,,True,4037000,4.47,4,1,Remote,Male
E11402,1,Manager,2019-01-01,,True,2140000,3.05,3,0,Onsite,Male
E11403,5,VP,2022-12-02,,True,6573000,3.14,3,1,Hybrid,Female
E11404,5,Analyst,2026-03-06,,True,694000,3.38,5,0,Hybrid,Male
E11405,2,Director,2019-01-01,,True,4284000,2.13,4,0,Onsite,Male
E11406,6,Associate,2025-06-24,,True,1080000,3.7,3,0,Onsite,Male
E11407,6,Associate,2025-02-05,,True,1199000,2.28,4,0,Hybrid,Male
E11408,4,Analyst,2024-09-29,,True,812000,3.64,3,0,Onsite,Female
E11409,6,Analyst,2026-04-27,,True,835000,4.21,2,2,Onsite,Female
E11410,1,Senior Associate,2024-02-28,,True,1753000,3.27,3,0,Hybrid,Female
E11411,1,Associate,2026-01-19,,True,1046000,4.77,3,2,Hybrid,Female
E11412,1,Analyst,2024-10-02,,True,715000,2.58,1,1,Hybrid,Male
E11413,1,Senior Associate,2025-01-10,,True,1334000,4.43,4,1,Onsite,Male
E11414,3,Analyst,2021-06-13,,True,858000,4.07,3,0,Hybrid,Female
E11415,7,Senior Associate,2020-12-17,,True,1338000,2.4,3,1,Onsite,Male
E11416,1,Associate,2025-12-06,,True,1159000,5.0,2,0,Hybrid,Male
E11417,1,Manager,2024-12-10,2026-06-03,False,2168000,3.56,3,3,Hybrid,Male
E11418,2,Manager,2024-11-27,,True,2587000,2.99,4,0,Hybrid,Male
E11419,7,Associate,2025-12-09,,True,1047000,2.62,4,1,Onsite,Male
E11420,1,Associate,2021-01-15,,True,1186000,3.45,5,0,Hybrid,Male
E11421,3,Associate,2022-04-25,,True,999000,3.51,5,0,Remote,Male
E11422,1,Manager,2025-10-12,,True,2110000,3.67,3,0,Hybrid,Male
E11423,1,Associate,2024-12-10,,True,1108000,3.39,3,0,Onsite,Male
E11424,7,Analyst,2026-02-12,,True,875000,4.04,4,0,Hybrid,Male
E11425,7,Analyst,2023-02-16,,True,757000,3.33,5,0,Onsite,Female
E11426,1,Associate,2026-01-21,,True,1228000,2.25,4,0,Remote,Female
E11427,7,Associate,2019-01-01,,True,1175000,3.5,4,0,Hybrid,Male
E11428,4,Manager,2021-04-30,,True,2475000,1.94,4,0,Onsite,Other
E11429,6,Analyst,2024-10-24,,True,737000,3.85,3,2,Onsite,Other
E11430,2,Associate,2023-07-22,2026-02-18,False,1035000,2.91,3,0,Onsite,Male
E11431,3,Manager,2019-01-01,,True,2031000,3.71,4,0,Remote,Male
E11432,2,Manager,2023-09-30,,True,2598000,4.52,4,0,Onsite,Female
E11433,5,Associate,2025-11-05,,True,1236000,2.94,1,0,Hybrid,Female
E11434,1,Associate,2024-11-16,,True,1161000,4.34,3,0,Remote,Male
E11435,1,Associate,2020-03-09,,True,1004000,3.3,2,1,Onsite,Female
E11436,1,Director,2022-12-23,,True,4140000,4.83,3,0,Onsite,Male
E11437,5,Analyst,2022-11-30,,True,872000,3.34,5,0,Hybrid,Male
E11438,1,Director,2019-08-18,,True,3878000,3.01,2,1,Hybrid,Male
E11439,5,Senior Associate,2019-01-01,,True,1733000,4.08,3,1,Onsite,Male
E11440,7,Senior Associate,2019-01-01,,True,1485000,3.29,3,3,Onsite,Male
E11441,1,Analyst,2026-02-27,,True,733000,3.01,4,0,Hybrid,Female
E11442,5,Associate,2023-10-28,2024-03-25,False,1191000,3.27,3,0,Remote,Male
E11443,2,Associate,2021-11-26,,True,932000,3.57,3,1,Onsite,Male
E11444,6,Analyst,2021-09-05,,True,717000,4.54,3,0,Onsite,Male
E11445,1,Senior Associate,2023-04-27,,True,1788000,2.25,3,0,Onsite,Male
E11446,5,Director,2025-11-16,,True,4808000,3.62,3,0,Hybrid,Other
E11447,6,Senior Associate,2021-01-21,,True,1688000,4.04,3,0,Onsite,Male
E11448,7,Senior Associate,2022-02-28,,True,1689000,3.74,5,1,Remote,Male
E11449,5,Analyst,2026-03-11,,True,645000,4.52,3,0,Onsite,Male
E11450,2,Associate,2024-05-17,,True,971000,3.55,2,3,Remote,Male
E11451,4,Analyst,2025-11-06,,True,750000,3.47,4,1,Hybrid,Male
E11452,6,Senior Associate,2025-02-04,,True,1492000,4.01,3,0,Hybrid,Male
E11453,4,Director,2026-06-09,,True,4384000,3.67,4,0,Onsite,Male
E11454,1,Senior Associate,2024-10-03,,True,1702000,3.33,3,0,Hybrid,Male
E11455,7,Analyst,2023-10-12,,True,634000,3.96,3,0,Onsite,Female
E11456,5,Associate,2023-03-17,,True,1131000,3.14,4,1,Onsite,Male
E11457,5,Senior Associate,2022-10-15,,True,1305000,3.17,5,0,Onsite,Male
E11458,1,Associate,2020-05-01,,True,922000,3.23,3,0,Remote,Female
E11459,5,Manager,2025-09-02,2025-10-27,False,2190000,4.55,3,0,Hybrid,Female
E11460,2,Manager,2026-01-23,,True,2508000,1.35,3,1,Hybrid,Male
E11461,5,Senior Associate,2020-01-01,2024-11-01,False,1379000,3.88,5,1,Hybrid,Female
E11462,1,Associate,2025-12-02,,True,1094000,3.62,5,1,Onsite,Female
E11463,5,Analyst,2019-01-01,,True,796000,2.42,2,2,Hybrid,Male
E11464,7,Analyst,2020-03-14,,True,686000,3.82,2,0,Hybrid,Male
E11465,1,Associate,2024-02-18,,True,1079000,3.93,3,0,Hybrid,Male
E11466,7,Associate,2019-01-01,,True,1219000,4.01,2,2,Hybrid,Male
E11467,2,Senior Associate,2026-02-24,,True,1565000,1.74,3,0,Remote,Male
E11468,6,Senior Associate,2025-04-08,,True,1385000,4.56,2,1,Remote,Female
E11469,5,Analyst,2023-01-13,,True,784000,3.08,4,0,Hybrid,Female
E11470,4,Associate,2025-01-11,,True,1107000,4.08,5,0,Onsite,Male
E11471,5,Analyst,2019-01-01,,True,637000,4.12,5,2,Hybrid,Male
E11472,6,Analyst,2026-04-08,,True,652000,2.99,3,0,Hybrid,Male
E11473,2,Manager,2023-10-13,,True,2005000,4.06,3,0,Onsite,Female
E11474,1,Analyst,2023-06-15,,True,663000,3.33,4,0,Onsite,Female
E11475,5,Associate,2022-11-23,,True,991000,2.15,2,1,Onsite,Male
E11476,6,Analyst,2025-06-29,,True,741000,4.42,4,0,Hybrid,Female
E11477,5,Senior Manager,2024-12-14,,True,2987000,3.06,3,1,Onsite,Male
E11478,5,Senior Associate,2020-03-05,,True,1757000,3.0,3,0,Onsite,Female
E11479,2,Analyst,2025-10-05,,True,780000,3.32,3,0,Hybrid,Male
E11480,6,Associate,2020-07-10,,True,1207000,3.79,2,1,Hybrid,Male
E11481,1,Manager,2023-09-06,,True,2277000,3.56,4,1,Onsite,Male
E11482,3,Director,2021-08-09,,True,3912000,3.98,3,2,Onsite,Female
E11483,1,Analyst,2022-03-28,,True,744000,2.66,3,2,Remote,Male
E11484,1,Senior Manager,2025-09-15,,True,3444000,3.08,2,0,Hybrid,Female
E11485,2,Director,2023-08-20,,True,4065000,3.52,4,0,Onsite,Male
E11486,2,Senior Manager,2019-08-10,,True,2703000,4.93,3,1,Remote,Male
E11487,5,Senior Associate,2024-07-27,,True,1472000,3.52,3,0,Onsite,Male
E11488,2,Senior Associate,2019-01-01,,True,1502000,4.36,3,0,Remote,Female
E11489,2,Associate,2024-06-12,2024-09-13,False,1007000,3.63,3,1,Onsite,Female
E11490,1,Manager,2025-12-22,,True,1989000,3.26,3,0,Onsite,Female
E11491,2,Senior Associate,2024-10-25,,True,1432000,3.43,4,1,Onsite,Female
E11492,1,Senior Associate,2019-01-01,,True,1651000,3.48,2,0,Onsite,Female
E11493,1,Associate,2025-03-09,,True,1035000,4.02,2,0,Hybrid,Female
E11494,4,Manager,2019-08-06,,True,2355000,4.56,4,0,Hybrid,Male
E11495,5,Manager,2019-03-29,,True,2284000,3.85,3,0,Hybrid,Female
E11496,4,Analyst,2025-01-11,,True,765000,4.43,3,1,Onsite,Female
E11497,2,Manager,2026-03-15,,True,2073000,2.92,3,0,Onsite,Male
E11498,2,Senior Associate,2022-02-08,,True,1570000,3.31,3,0,Onsite,Female
E11499,6,Manager,2025-03-24,,True,1907000,3.09,4,0,Onsite,Male
E11500,3,Associate,2021-04-17,,True,1051000,3.82,4,1,Hybrid,Male
E11501,2,Associate,2024-07-04,,True,1100000,3.35,4,2,Onsite,Female
E11502,1,Senior Manager,2024-03-27,,True,2795000,4.11,4,1,Hybrid,Male
E11503,2,Analyst,2021-05-16,,True,693000,2.95,3,1,Hybrid,Male
E11504,2,Manager,2024-11-09,,True,2051000,3.63,3,1,Onsite,Female
E11505,2,Associate,2024-07-03,,True,925000,4.08,3,1,Hybrid,Male
E11506,4,Associate,2024-11-21,,True,1022000,2.15,3,1,Onsite,Male
E11507,3,Associate,2024-12-09,,True,1243000,5.0,5,1,Onsite,Female
E11508,4,Senior Associate,2023-12-16,,True,1485000,3.4,4,0,Hybrid,Male
E11509,5,Associate,2020-11-10,,True,1061000,2.18,3,2,Hybrid,Male
E11510,6,Analyst,2024-12-20,,True,790000,3.71,1,2,Onsite,Male
E11511,5,Analyst,2023-12-20,,True,789000,3.62,2,0,Hybrid,Male
E11512,7,Analyst,2022-09-18,,True,863000,3.54,3,0,Onsite,Male
E11513,1,Director,2025-06-06,,True,5041000,4.29,2,1,Hybrid,Female
E11514,1,Director,2025-05-23,,True,4947000,4.12,3,0,Hybrid,Male
E11515,1,Associate,2019-01-01,,True,1233000,3.81,4,0,Hybrid,Male
E11516,5,Manager,2022-02-12,,True,2060000,3.92,4,0,Remote,Female
E11517,7,Associate,2023-07-26,,True,1116000,3.53,3,1,Hybrid,Female
E11518,1,Senior Associate,2022-12-11,,True,1755000,4.84,3,1,Onsite,Male
E11519,7,Manager,2026-05-25,2026-06-27,False,2349000,2.56,3,0,Onsite,Male
E11520,1,Director,2023-03-21,,True,5217000,3.7,4,0,Remote,Female
E11521,7,Associate,2024-01-27,,True,935000,3.65,4,0,Onsite,Female
E11522,2,Manager,2023-10-23,,True,2213000,4.17,5,2,Hybrid,Female
E11523,1,Analyst,2024-12-24,,True,869000,3.01,3,1,Hybrid,Male
E11524,2,VP,2026-03-18,,True,6714000,2.38,4,1,Hybrid,Male
E11525,1,Analyst,2025-10-07,,True,811000,3.71,2,1,Hybrid,Male
E11526,1,Senior Associate,2019-01-01,,True,1320000,3.8,3,0,Hybrid,Female
E11527,1,Senior Associate,2024-09-16,,True,1658000,4.64,3,0,Hybrid,Female
E11528,6,Senior Associate,2024-05-10,,True,1779000,2.71,3,0,Hybrid,Male
E11529,3,Analyst,2026-04-25,,True,724000,4.41,4,0,Hybrid,Male
E11530,1,Director,2026-05-15,,True,3811000,5.0,3,0,Onsite,Female
E11531,4,Analyst,2022-03-13,,True,637000,3.34,2,0,Hybrid,Male
E11532,5,Senior Associate,2023-11-13,2025-12-07,False,1758000,2.7,1,1,Hybrid,Male
E11533,1,Analyst,2024-01-29,,True,807000,3.32,1,1,Remote,Female
E11534,2,Associate,2025-07-20,2026-06-28,False,937000,3.61,1,2,Onsite,Male
E11535,1,Senior Associate,2021-11-05,,True,1333000,3.99,2,1,Onsite,Male
E11536,1,Associate,2025-11-14,,True,1182000,3.19,3,1,Remote,Male
E11537,5,Analyst,2025-10-12,,True,828000,4.69,3,0,Hybrid,Male
E11538,1,Analyst,2024-05-24,,True,660000,2.82,5,0,Onsite,Male
E11539,3,Associate,2025-05-08,2026-03-26,False,1006000,2.38,3,0,Hybrid,Female
E11540,5,Manager,2025-07-13,,True,2463000,4.37,2,0,Remote,Male
E11541,1,Senior Manager,2022-12-20,,True,3143000,2.01,3,1,Hybrid,Female
E11542,4,Analyst,2022-11-29,,True,864000,3.46,4,0,Hybrid,Male
E11543,1,Associate,2020-07-27,,True,1068000,5.0,4,0,Onsite,Male
E11544,7,Analyst,2024-08-27,,True,796000,3.59,3,0,Remote,Female
E11545,2,Analyst,2026-03-29,,True,755000,2.82,3,0,Hybrid,Male
E11546,6,Senior Associate,2025-05-30,,True,1784000,3.56,4,1,Remote,Female
E11547,4,Senior Associate,2019-01-01,2023-07-02,False,1507000,3.56,4,1,Onsite,Male
E11548,1,Analyst,2023-05-30,,True,686000,3.71,4,0,Onsite,Male
E11549,4,Analyst,2022-04-14,,True,710000,4.06,4,1,Hybrid,Male
E11550,7,Analyst,2026-06-22,,True,839000,2.87,4,0,Onsite,Female
E11551,4,Manager,2024-01-05,,True,2256000,4.78,3,1,Hybrid,Male
E11552,6,Director,2026-05-15,,True,4301000,3.77,3,0,Remote,Female
E11553,7,Analyst,2023-08-18,,True,763000,4.11,4,1,Hybrid,Male
E11554,1,Analyst,2019-01-01,,True,663000,3.16,4,0,Remote,Male
E11555,1,Senior Manager,2019-01-01,,True,2615000,4.5,1,0,Hybrid,Male
E11556,4,Senior Manager,2023-11-07,,True,2895000,3.42,5,0,Hybrid,Male
E11557,2,Associate,2024-05-30,,True,1112000,3.79,3,0,Hybrid,Male
E11558,6,Analyst,2019-01-01,,True,804000,2.95,3,1,Hybrid,Female
E11559,7,Analyst,2022-09-07,,True,833000,2.9,4,1,Hybrid,Male
E11560,2,Senior Associate,2026-04-09,,True,1775000,4.08,3,0,Hybrid,Male
E11561,1,Associate,2024-05-12,,True,1044000,3.29,3,1,Hybrid,Female
E11562,5,Analyst,2025-07-25,2026-03-27,False,811000,3.0,2,2,Onsite,Male
E11563,1,Senior Associate,2024-05-03,,True,1343000,3.15,3,0,Hybrid,Male
E11564,6,Analyst,2024-06-05,,True,644000,4.09,3,0,Remote,Male
E11565,2,Manager,2023-07-11,,True,1982000,3.16,3,2,Hybrid,Male
E11566,5,Associate,2024-12-29,,True,1057000,3.52,3,0,Hybrid,Male
E11567,1,Analyst,2025-11-20,,True,682000,3.61,5,1,Hybrid,Male
E11568,4,Senior Associate,2024-02-11,,True,1451000,2.26,5,0,Hybrid,Male
E11569,2,Associate,2020-06-16,,True,1127000,2.57,2,0,Hybrid,Female
E11570,4,Director,2022-10-13,,True,4307000,3.84,4,1,Remote,Female
E11571,1,Senior Associate,2025-02-02,,True,1588000,3.08,2,0,Onsite,Female
E11572,5,Analyst,2019-01-01,,True,731000,4.34,2,1,Onsite,Male
E11573,6,Senior Associate,2019-01-01,,True,1391000,4.28,2,1,Hybrid,Male
E11574,1,Analyst,2025-09-12,,True,648000,4.1,5,0,Hybrid,Male
E11575,1,Senior Manager,2026-05-12,,True,2850000,4.87,5,2,Hybrid,Male
E11576,1,Associate,2021-11-22,,True,920000,3.54,3,1,Onsite,Male
E11577,5,Senior Associate,2020-07-05,,True,1619000,4.05,3,0,Onsite,Male
E11578,4,Analyst,2019-01-01,,True,825000,3.19,3,0,Remote,Male
E11579,3,Associate,2019-01-01,,True,1019000,5.0,3,0,Onsite,Female
E11580,1,Manager,2023-05-16,,True,2175000,4.99,3,3,Hybrid,Male
E11581,2,Manager,2023-12-05,,True,2490000,3.61,3,0,Hybrid,Female
E11582,4,Analyst,2026-05-27,,True,685000,3.87,4,2,Hybrid,Female
E11583,2,Analyst,2025-07-14,,True,659000,4.55,3,2,Onsite,Male
E11584,7,Manager,2024-05-27,,True,2258000,3.5,5,3,Hybrid,Male
E11585,1,Director,2023-02-15,,True,4730000,3.14,4,0,Remote,Male
E11586,5,Analyst,2023-09-22,,True,777000,4.21,3,1,Onsite,Female
E11587,2,Associate,2021-11-15,,True,1150000,3.65,4,1,Onsite,Male
E11588,2,Associate,2025-05-19,,True,920000,3.73,4,0,Onsite,Male
E11589,5,Senior Manager,2023-08-31,2024-12-28,False,3045000,3.02,3,0,Onsite,Male
E11590,5,Analyst,2026-03-09,,True,688000,2.4,3,0,Remote,Male
E11591,7,Analyst,2024-09-05,,True,816000,3.77,5,0,Remote,Female
E11592,1,Manager,2021-10-09,,True,2531000,4.23,3,0,Remote,Male
E11593,1,Analyst,2022-06-21,,True,699000,3.44,2,0,Hybrid,Male
E11594,5,Associate,2019-01-01,,True,933000,4.61,3,0,Hybrid,Male
E11595,4,Associate,2025-05-22,,True,989000,3.11,4,0,Onsite,Female
E11596,1,Associate,2024-02-24,,True,936000,2.86,4,0,Hybrid,Female
E11597,1,Associate,2025-02-19,,True,1013000,3.55,5,1,Hybrid,Female
E11598,1,Senior Associate,2024-07-09,,True,1578000,3.54,3,0,Remote,Female
E11599,7,Analyst,2019-11-15,,True,869000,4.14,2,0,Hybrid,Female
E11600,1,Senior Associate,2022-07-28,,True,1508000,3.06,3,1,Remote,Male
E11601,1,Manager,2019-03-16,,True,2052000,4.56,4,2,Remote,Male
E11602,1,Manager,2025-09-21,,True,2013000,4.98,2,0,Remote,Male
E11603,2,Analyst,2019-06-17,,True,672000,3.57,3,0,Onsite,Male
E11604,1,Analyst,2026-04-16,,True,677000,4.47,1,0,Hybrid,Male
E11605,3,Analyst,2019-01-08,2023-05-20,False,817000,2.86,3,0,Hybrid,Male
E11606,1,Associate,2025-02-20,,True,921000,4.35,4,0,Onsite,Male
E11607,6,Associate,2025-03-18,,True,1249000,4.33,4,1,Onsite,Female
E11608,1,Senior Associate,2024-01-20,,True,1570000,4.2,5,0,Hybrid,Male
E11609,3,Analyst,2019-01-01,,True,763000,3.59,2,1,Onsite,Male
E11610,7,Analyst,2026-05-02,,True,718000,1.53,5,0,Hybrid,Female
E11611,5,Associate,2025-01-07,,True,1142000,3.15,4,0,Hybrid,Male
E11612,3,Senior Associate,2019-11-19,,True,1544000,3.16,3,1,Remote,Female
E11613,1,Analyst,2024-10-12,,True,711000,2.92,5,0,Hybrid,Male
E11614,1,Senior Associate,2025-09-28,,True,1440000,3.69,3,0,Hybrid,Other
E11615,5,Analyst,2024-08-12,,True,857000,3.31,4,0,Onsite,Female
E11616,7,Senior Manager,2024-11-02,,True,2905000,3.02,4,0,Onsite,Male
E11617,5,Senior Manager,2019-01-01,,True,3053000,2.86,4,0,Onsite,Female
E11618,4,Associate,2021-08-10,,True,1023000,3.1,3,2,Onsite,Male
E11619,5,Analyst,2024-02-07,2026-06-02,False,651000,4.39,2,0,Remote,Male
E11620,2,Associate,2019-01-01,,True,965000,3.14,3,1,Hybrid,Female
E11621,1,Analyst,2024-05-13,,True,676000,3.24,3,0,Onsite,Female
E11622,4,Senior Associate,2026-04-18,,True,1657000,3.28,4,0,Onsite,Male
E11623,7,Manager,2025-06-18,,True,2189000,3.84,4,0,Hybrid,Male
E11624,1,Senior Associate,2024-07-19,,True,1702000,3.92,5,0,Hybrid,Female
E11625,5,Manager,2025-12-01,2026-03-07,False,2411000,1.47,1,2,Onsite,Male
E11626,1,Associate,2019-01-01,,True,967000,4.32,4,0,Remote,Female
E11627,3,Analyst,2021-07-15,,True,768000,4.61,5,1,Onsite,Female
E11628,1,Manager,2025-06-08,,True,2436000,2.86,4,1,Onsite,Male
E11629,2,Associate,2023-06-15,,True,1122000,2.92,2,0,Onsite,Male
E11630,5,Senior Associate,2022-02-22,,True,1610000,3.28,2,0,Hybrid,Male
E11631,2,Analyst,2019-01-01,,True,811000,3.07,1,1,Onsite,Female
E11632,5,Analyst,2019-03-25,2022-06-16,False,644000,3.76,4,0,Onsite,Female
E11633,5,VP,2024-01-12,,True,7514000,2.24,4,0,Onsite,Male
E11634,7,Analyst,2021-06-03,,True,697000,2.82,5,4,Hybrid,Male
E11635,1,VP,2023-09-08,,True,7151000,4.68,3,0,Onsite,Female
E11636,2,Director,2023-10-04,,True,4136000,2.95,3,0,Onsite,Male
E11637,1,Manager,2026-01-31,,True,2507000,4.47,4,0,Onsite,Female
E11638,7,Senior Associate,2026-01-15,,True,1549000,3.85,4,2,Onsite,Male
E11639,7,Senior Associate,2023-12-06,,True,1631000,2.33,5,2,Hybrid,Female
E11640,3,Senior Manager,2025-06-07,,True,3416000,4.04,4,0,Onsite,Female
E11641,6,Associate,2026-06-05,,True,1213000,3.52,3,0,Onsite,Male
E11642,3,Associate,2022-02-16,,True,1156000,3.28,4,0,Hybrid,Female
E11643,4,Senior Associate,2026-05-21,,True,1381000,3.77,4,1,Onsite,Male
E11644,1,Associate,2023-06-02,,True,1199000,3.93,3,0,Onsite,Male
E11645,5,Associate,2023-11-10,,True,1117000,4.1,3,1,Onsite,Male
E11646,1,Associate,2019-01-01,,True,1113000,4.42,3,0,Remote,Female
E11647,6,Senior Associate,2024-03-30,,True,1773000,3.89,1,1,Hybrid,Female
E11648,5,Senior Manager,2026-04-11,,True,2863000,2.64,4,0,Hybrid,Female
E11649,5,Analyst,2023-10-07,,True,689000,3.27,2,1,Remote,Female
E11650,1,Director,2020-03-25,,True,4534000,5.0,3,1,Remote,Male
E11651,1,Senior Associate,2019-01-01,2021-09-28,False,1686000,4.11,3,0,Hybrid,Male
E11652,1,Manager,2024-07-31,,True,2219000,5.0,3,0,Hybrid,Male
E11653,2,Senior Associate,2025-03-08,,True,1627000,4.58,3,0,Onsite,Female
E11654,1,Manager,2019-01-01,,True,2223000,3.77,4,1,Onsite,Female
E11655,7,Analyst,2025-10-10,,True,780000,3.81,2,2,Hybrid,Male
E11656,4,Manager,2023-03-30,,True,2494000,3.57,2,1,Remote,Female
E11657,1,Analyst,2024-09-22,,True,674000,2.38,3,2,Hybrid,Male
E11658,2,Senior Manager,2026-05-10,,True,3316000,3.61,3,0,Hybrid,Male
E11659,2,VP,2025-01-17,,True,7641000,4.45,3,1,Hybrid,Male
E11660,4,Associate,2025-06-13,,True,1056000,3.18,2,0,Onsite,Female
E11661,3,Analyst,2022-07-21,,True,709000,3.89,4,1,Onsite,Male
E11662,7,Manager,2019-01-01,,True,1900000,4.2,4,0,Hybrid,Female
E11663,2,Analyst,2025-06-08,,True,825000,2.96,2,0,Onsite,Male
E11664,7,Senior Manager,2020-10-24,,True,2943000,3.28,2,1,Hybrid,Male
E11665,6,Analyst,2026-04-22,,True,718000,2.89,5,1,Remote,Male
E11666,1,Analyst,2023-11-13,,True,712000,3.02,4,0,Remote,Female
E11667,7,Director,2026-04-01,,True,4513000,2.7,3,0,Onsite,Male
E11668,1,Senior Associate,2019-01-01,,True,1662000,2.97,4,1,Remote,Female
E11669,6,Manager,2021-07-18,,True,2457000,4.59,4,4,Onsite,Male
E11670,2,Associate,2022-11-04,2025-04-12,False,1037000,2.96,4,0,Onsite,Male
E11671,6,Senior Associate,2020-07-31,,True,1642000,3.69,3,1,Hybrid,Female
E11672,6,Senior Associate,2022-12-12,,True,1671000,3.25,3,3,Onsite,Male
E11673,6,Senior Associate,2019-01-01,,True,1456000,4.43,1,2,Onsite,Female
E11674,5,Senior Associate,2022-03-27,,True,1354000,4.52,5,0,Onsite,Male
E11675,1,Senior Associate,2019-01-01,,True,1759000,4.2,4,2,Hybrid,Female
E11676,1,Associate,2024-01-07,,True,1137000,3.81,3,1,Onsite,Female
E11677,2,Analyst,2026-01-28,2026-05-04,False,789000,3.44,5,1,Hybrid,Female
E11678,1,Manager,2023-12-10,,True,1933000,2.77,5,0,Hybrid,Male
E11679,5,Analyst,2026-01-14,,True,830000,4.96,5,0,Hybrid,Female
E11680,2,Senior Associate,2023-06-10,,True,1592000,3.07,4,1,Remote,Male
E11681,7,Analyst,2024-04-03,,True,838000,4.06,5,2,Onsite,Male
E11682,5,Senior Associate,2023-03-07,,True,1800000,4.34,3,0,Onsite,Male
E11683,6,Manager,2026-06-19,,True,2593000,3.21,4,2,Onsite,Male
E11684,1,Analyst,2025-10-05,,True,840000,4.33,4,0,Onsite,Female
E11685,6,Analyst,2024-03-12,,True,633000,4.13,3,0,Hybrid,Female
E11686,7,Analyst,2019-01-01,,True,847000,4.81,2,1,Onsite,Male
E11687,2,Senior Associate,2024-11-06,,True,1343000,3.27,5,0,Onsite,Female
E11688,4,Manager,2024-08-13,2024-12-07,False,2516000,2.7,3,1,Hybrid,Male
E11689,5,Analyst,2022-03-24,,True,699000,3.25,4,2,Hybrid,Female
E11690,1,Manager,2023-05-06,,True,2338000,3.75,1,1,Hybrid,Female
E11691,3,Associate,2025-04-16,,True,913000,3.64,1,1,Hybrid,Female
E11692,2,Associate,2024-09-11,,True,1170000,3.32,3,0,Hybrid,Male
E11693,1,Senior Manager,2025-08-30,,True,2723000,2.26,3,1,Hybrid,Female
E11694,2,Associate,2019-01-01,,True,1044000,3.93,4,0,Onsite,Male
E11695,1,Associate,2026-01-08,,True,1186000,4.98,3,2,Remote,Female
E11696,1,Analyst,2024-11-30,,True,800000,3.92,2,0,Hybrid,Male
E11697,1,Analyst,2026-05-30,2026-06-29,False,631000,4.03,3,1,Onsite,Female
E11698,7,Analyst,2025-08-23,,True,729000,4.0,3,0,Onsite,Male
E11699,3,Analyst,2021-05-01,,True,640000,3.88,3,0,Hybrid,Female
E11700,7,Senior Associate,2025-09-25,,True,1647000,4.25,4,0,Remote,Male
E11701,2,Associate,2026-03-20,,True,1239000,3.88,3,1,Onsite,Female
E11702,1,Senior Associate,2024-04-22,,True,1638000,3.38,2,0,Onsite,Female
E11703,3,Analyst,2026-06-19,,True,685000,3.04,3,0,Remote,Female
E11704,2,Associate,2026-03-13,,True,1024000,3.43,2,2,Remote,Female
E11705,1,Senior Associate,2020-11-18,,True,1801000,3.82,2,1,Onsite,Male
E11706,5,Director,2021-06-20,,True,4109000,3.38,3,1,Onsite,Female
E11707,1,Analyst,2019-01-01,,True,768000,3.82,4,0,Hybrid,Male
E11708,4,Senior Manager,2019-12-06,,True,3016000,3.91,5,2,Onsite,Female
E11709,5,Senior Associate,2022-08-01,,True,1695000,4.18,4,1,Remote,Female
E11710,1,Senior Associate,2026-04-26,,True,1745000,4.5,3,1,Onsite,Male
E11711,1,Associate,2021-04-18,,True,1019000,3.65,3,0,Onsite,Female
E11712,5,Analyst,2020-02-19,,True,792000,2.68,3,1,Onsite,Female
E11713,2,Analyst,2021-01-11,,True,765000,3.36,4,0,Onsite,Male
E11714,1,Senior Associate,2024-01-30,,True,1446000,3.63,5,0,Onsite,Male
E11715,7,Associate,2025-08-06,2026-02-05,False,995000,2.31,2,1,Onsite,Male
E11716,1,Senior Manager,2020-02-21,,True,3157000,4.57,2,1,Hybrid,Female
E11717,5,Associate,2022-01-27,,True,954000,3.7,4,0,Onsite,Male
E11718,7,Analyst,2019-01-01,,True,829000,3.87,4,0,Remote,Male
E11719,1,Senior Associate,2025-12-03,,True,1340000,4.56,4,0,Onsite,Male
E11720,1,Associate,2025-08-17,,True,933000,3.16,4,1,Hybrid,Male
E11721,1,Senior Associate,2025-09-08,,True,1479000,4.0,5,0,Onsite,Female
E11722,1,Senior Associate,2021-02-20,,True,1365000,3.52,3,0,Onsite,Male
E11723,1,Senior Manager,2025-10-17,,True,3093000,3.47,5,2,Hybrid,Other
E11724,5,Manager,2026-04-07,,True,2184000,3.06,5,1,Hybrid,Male
E11725,1,Senior Associate,2019-01-01,,True,1671000,4.77,4,1,Hybrid,Male
E11726,3,Senior Associate,2026-05-31,,True,1789000,3.34,3,0,Hybrid,Male
E11727,7,Director,2020-05-09,,True,4888000,4.09,3,2,Hybrid,Female
E11728,6,Associate,2024-12-13,2026-04-12,False,963000,2.29,3,0,Onsite,Male
E11729,4,Analyst,2020-03-21,,True,859000,4.43,3,0,Remote,Male
E11730,1,Analyst,2023-09-29,,True,726000,4.34,4,0,Hybrid,Male
E11731,4,Analyst,2019-01-01,,True,746000,3.67,2,1,Remote,Male
E11732,3,Senior Associate,2019-01-01,,True,1519000,3.44,3,1,Hybrid,Female
E11733,2,Senior Associate,2026-06-20,,True,1447000,3.88,4,2,Onsite,Female
E11734,1,Senior Associate,2026-03-26,,True,1759000,5.0,2,0,Onsite,Male
E11735,7,Analyst,2025-07-08,,True,711000,2.37,3,1,Hybrid,Male
E11736,2,Manager,2022-09-23,,True,2315000,4.15,3,1,Hybrid,Female
E11737,1,Associate,2019-01-12,,True,984000,2.96,4,0,Hybrid,Male
E11738,2,Senior Associate,2024-05-26,,True,1710000,3.59,3,1,Hybrid,Male
E11739,2,Senior Associate,2023-04-26,,True,1698000,3.43,4,1,Onsite,Male
E11740,6,Associate,2025-10-15,,True,1004000,3.3,3,1,Onsite,Male
E11741,5,Analyst,2020-12-05,,True,797000,3.59,5,0,Onsite,Male
E11742,5,Analyst,2019-01-01,,True,802000,2.81,3,0,Hybrid,Male
E11743,1,Manager,2025-06-07,,True,2303000,4.32,3,1,Hybrid,Male
E11744,2,Senior Manager,2024-03-04,,True,3220000,2.34,2,1,Onsite,Male
E11745,2,Senior Associate,2026-03-11,,True,1597000,3.98,1,1,Hybrid,Female
E11746,1,Analyst,2023-09-16,,True,650000,3.37,3,0,Onsite,Other
E11747,1,Associate,2024-02-13,,True,1135000,2.78,2,0,Onsite,Female
E11748,5,Manager,2025-12-19,,True,2235000,3.74,3,0,Hybrid,Female
E11749,1,Manager,2024-07-05,,True,2212000,2.51,3,0,Onsite,Male
E11750,3,Analyst,2025-02-10,,True,841000,3.63,3,0,Hybrid,Male
E11751,1,Analyst,2023-12-26,,True,636000,2.6,3,1,Hybrid,Female
E11752,1,Senior Associate,2023-07-01,,True,1433000,3.92,4,2,Remote,Male
E11753,1,Associate,2026-06-21,,True,942000,2.95,5,1,Onsite,Male
E11754,7,Analyst,2021-08-15,2025-10-22,False,639000,3.28,2,1,Hybrid,Male
E11755,6,Analyst,2022-03-31,2022-11-25,False,698000,3.81,3,2,Hybrid,Male
E11756,7,Senior Associate,2024-12-11,,True,1807000,3.06,5,1,Hybrid,Female
E11757,2,Senior Manager,2026-04-25,,True,2884000,3.56,2,0,Hybrid,Female
E11758,1,Director,2021-09-15,,True,4756000,2.54,5,1,Onsite,Female
E11759,3,Senior Associate,2019-01-01,,True,1365000,4.04,1,1,Onsite,Female
E11760,2,Associate,2025-07-25,,True,1111000,4.84,4,1,Hybrid,Male
E11761,6,Analyst,2025-03-02,,True,871000,5.0,3,0,Hybrid,Female
E11762,1,Senior Associate,2025-10-22,,True,1453000,3.66,5,1,Onsite,Male
E11763,2,Associate,2023-07-27,2025-01-31,False,1197000,4.15,3,0,Onsite,Female
E11764,1,Senior Associate,2025-12-04,2026-06-15,False,1811000,2.35,4,0,Hybrid,Male
E11765,1,Associate,2024-12-30,,True,1106000,4.65,2,0,Onsite,Female
E11766,5,Analyst,2022-06-06,2025-04-02,False,706000,4.14,3,0,Onsite,Female
E11767,2,Analyst,2023-09-13,,True,795000,3.26,4,0,Onsite,Male
E11768,2,Associate,2024-11-01,2026-06-29,False,1196000,4.47,3,1,Onsite,Male
E11769,2,Analyst,2024-08-22,,True,672000,3.42,5,1,Hybrid,Male
E11770,2,Analyst,2023-09-08,,True,741000,3.28,3,0,Onsite,Male
E11771,5,VP,2026-06-24,,True,6576000,3.93,4,0,Onsite,Male
E11772,7,Associate,2026-03-22,,True,999000,2.86,3,1,Onsite,Female
E11773,7,Senior Associate,2019-03-29,,True,1742000,4.32,5,1,Onsite,Male
E11774,5,Senior Manager,2026-03-23,,True,3038000,2.86,5,0,Hybrid,Male
E11775,1,VP,2022-04-27,,True,6621000,2.86,3,1,Onsite,Female
E11776,5,Senior Associate,2019-01-01,,True,1611000,2.96,4,0,Hybrid,Male
E11777,2,Manager,2025-06-04,,True,2051000,4.13,4,1,Onsite,Male
E11778,1,Associate,2024-12-03,,True,980000,3.17,3,2,Onsite,Female
E11779,6,Associate,2023-08-19,2024-07-20,False,1082000,2.66,4,1,Onsite,Female
E11780,1,Associate,2019-03-24,,True,1043000,3.18,2,1,Onsite,Male
E11781,7,Senior Associate,2019-01-01,,True,1455000,3.58,4,0,Hybrid,Male
E11782,2,Senior Associate,2021-11-30,,True,1332000,2.77,3,0,Hybrid,Male
E11783,4,Associate,2026-03-11,,True,1082000,2.79,2,0,Hybrid,Male
E11784,5,Analyst,2022-09-24,,True,830000,5.0,3,1,Onsite,Male
E11785,7,Senior Associate,2024-09-12,,True,1737000,3.0,3,1,Onsite,Female
E11786,4,Analyst,2024-05-01,,True,688000,3.37,4,1,Onsite,Female
E11787,4,Senior Associate,2026-04-30,,True,1609000,3.34,5,1,Hybrid,Male
E11788,1,Senior Associate,2025-10-11,,True,1739000,3.31,3,2,Onsite,Male
E11789,3,Senior Associate,2021-03-04,,True,1512000,4.03,2,0,Onsite,Male
E11790,1,Manager,2024-06-08,,True,2575000,4.26,4,0,Onsite,Male
E11791,5,Senior Manager,2025-04-11,,True,3527000,3.39,3,1,Onsite,Female
E11792,3,Associate,2024-11-05,,True,973000,2.73,3,0,Remote,Female
E11793,5,Manager,2019-12-07,,True,2080000,4.49,3,1,Hybrid,Male
E11794,1,Senior Associate,2021-10-15,,True,1397000,3.53,3,0,Hybrid,Male
E11795,1,Analyst,2025-06-01,,True,678000,4.81,3,1,Hybrid,Female
E11796,5,Analyst,2026-01-27,,True,852000,2.03,4,0,Hybrid,Male
E11797,1,Associate,2025-07-05,,True,1226000,3.74,3,0,Onsite,Male
E11798,1,Associate,2019-01-01,,True,918000,4.94,4,3,Hybrid,Male
E11799,1,Senior Associate,2023-07-13,2026-06-22,False,1606000,3.35,3,2,Onsite,Male
E11800,7,Manager,2023-11-26,,True,2305000,3.44,3,1,Onsite,Male
E11801,5,Analyst,2023-05-29,,True,726000,3.81,4,0,Hybrid,Other
E11802,2,Analyst,2024-12-11,,True,785000,3.21,3,0,Hybrid,Male
E11803,1,Director,2020-11-21,,True,5173000,3.38,3,0,Hybrid,Male
E11804,2,Analyst,2023-12-22,,True,672000,3.36,4,2,Hybrid,Female
E11805,5,Associate,2026-01-28,,True,942000,3.16,3,0,Onsite,Male
E11806,5,Senior Associate,2026-01-11,,True,1322000,4.46,4,0,Onsite,Male
E11807,1,Senior Associate,2023-11-17,,True,1490000,3.92,3,0,Onsite,Male
E11808,1,Analyst,2019-01-01,,True,713000,3.78,4,0,Hybrid,Male
E11809,1,Analyst,2025-03-30,,True,736000,4.17,2,0,Remote,Female
E11810,5,Analyst,2019-07-24,,True,753000,3.41,3,1,Onsite,Male
E11811,5,Senior Associate,2021-07-30,,True,1690000,3.06,5,1,Onsite,Female
E11812,1,Senior Associate,2025-07-12,,True,1504000,3.18,4,1,Hybrid,Female
E11813,1,Analyst,2026-05-16,,True,711000,3.6,3,0,Remote,Male
E11814,1,Senior Associate,2026-02-18,,True,1725000,2.86,3,2,Hybrid,Male
E11815,7,Manager,2022-01-21,,True,2515000,3.25,3,0,Onsite,Male
E11816,1,Analyst,2025-09-27,,True,687000,3.24,4,0,Remote,Male
E11817,5,Associate,2024-12-01,,True,1010000,5.0,4,2,Hybrid,Male
E11818,4,Senior Associate,2024-02-16,,True,1724000,1.66,4,0,Onsite,Male
E11819,2,Analyst,2022-02-04,,True,649000,3.47,3,1,Remote,Female
E11820,1,Associate,2026-02-02,,True,1014000,4.81,4,1,Hybrid,Male
E11821,1,Senior Associate,2024-09-20,,True,1533000,3.69,3,1,Onsite,Male
E11822,4,Senior Manager,2024-03-27,,True,2800000,4.13,2,0,Hybrid,Male
E11823,5,Manager,2023-11-06,,True,2022000,3.67,3,0,Hybrid,Male
E11824,5,Senior Associate,2020-09-08,,True,1521000,3.13,5,2,Hybrid,Female
E11825,3,Manager,2025-11-09,,True,2445000,2.03,4,1,Onsite,Female
E11826,1,Associate,2020-11-17,,True,1194000,3.74,3,0,Remote,Male
E11827,7,Senior Associate,2022-06-23,,True,1802000,3.06,4,1,Onsite,Female
E11828,5,Associate,2023-09-25,,True,926000,3.04,5,0,Hybrid,Female
E11829,1,Analyst,2022-05-27,,True,683000,3.25,3,0,Hybrid,Female
E11830,7,Senior Associate,2024-09-09,,True,1689000,4.82,3,0,Onsite,Female
E11831,4,Senior Associate,2025-12-28,,True,1579000,5.0,5,0,Onsite,Female
E11832,4,Associate,2022-10-07,,True,1015000,3.75,4,5,Remote,Male
E11833,5,Senior Manager,2023-12-19,2024-03-17,False,2819000,3.27,3,0,Onsite,Male
E11834,6,Analyst,2023-01-09,,True,699000,2.78,3,1,Hybrid,Male
E11835,5,Associate,2025-02-03,,True,1050000,3.93,3,0,Hybrid,Male
E11836,1,Analyst,2019-01-01,,True,673000,4.85,2,0,Hybrid,Female
E11837,1,Manager,2023-06-26,,True,2599000,3.43,5,0,Hybrid,Female
E11838,7,Senior Associate,2026-03-12,,True,1360000,1.93,3,0,Onsite,Female
E11839,1,Associate,2024-06-18,,True,1245000,4.07,4,0,Onsite,Male
E11840,2,Senior Associate,2021-09-08,,True,1732000,4.29,3,0,Remote,Female
E11841,2,Associate,2021-02-10,,True,1048000,2.49,3,1,Hybrid,Female
E11842,2,Manager,2024-03-04,2025-04-23,False,2434000,3.72,1,1,Onsite,Female
E11843,4,Associate,2019-01-01,,True,1135000,3.92,4,0,Remote,Female
E11844,7,Associate,2025-06-09,,True,975000,3.55,3,1,Hybrid,Male
E11845,1,Director,2024-09-12,,True,4278000,3.05,4,1,Onsite,Male
E11846,1,Analyst,2019-01-01,,True,756000,4.31,2,2,Remote,Female
E11847,1,Analyst,2019-01-01,,True,786000,3.32,3,0,Hybrid,Male
E11848,7,Senior Associate,2022-07-22,,True,1581000,2.56,2,1,Onsite,Male
E11849,5,Director,2019-10-29,,True,4475000,2.17,3,0,Onsite,Male
E11850,1,Associate,2026-03-08,2026-06-01,False,1055000,4.48,4,0,Hybrid,Male
E11851,6,Analyst,2019-09-04,,True,752000,4.03,3,0,Hybrid,Female
E11852,6,Associate,2025-03-07,,True,1052000,3.66,4,0,Onsite,Female
E11853,6,Associate,2025-10-30,,True,1089000,3.29,3,0,Onsite,Female
E11854,7,Analyst,2025-07-26,,True,848000,3.23,3,1,Onsite,Male
E11855,1,Senior Associate,2024-08-27,,True,1626000,2.85,3,1,Hybrid,Male
E11856,5,VP,2025-07-06,,True,7494000,3.3,2,0,Onsite,Female
E11857,2,Associate,2025-03-07,,True,1109000,2.12,4,0,Onsite,Other
E11858,6,Associate,2026-01-02,,True,1125000,3.08,4,0,Hybrid,Female
E11859,5,Associate,2025-04-20,,True,1102000,3.38,3,2,Hybrid,Female
E11860,5,Analyst,2023-08-10,,True,637000,4.03,3,0,Hybrid,Male
E11861,5,Senior Manager,2024-07-06,,True,3625000,3.57,4,2,Onsite,Male
E11862,1,Associate,2025-01-18,,True,912000,4.16,4,0,Onsite,Female
E11863,3,Associate,2021-10-28,,True,1038000,4.54,4,0,Onsite,Female
E11864,7,Senior Associate,2019-01-01,,True,1358000,4.34,3,1,Remote,Female
E11865,7,Associate,2021-09-06,,True,934000,3.93,3,1,Hybrid,Male
E11866,1,Senior Associate,2025-02-14,,True,1708000,3.61,5,1,Onsite,Female
E11867,1,Analyst,2021-11-07,,True,734000,2.91,4,0,Onsite,Male
E11868,1,Manager,2025-12-08,,True,2479000,4.12,3,0,Hybrid,Male
E11869,5,Director,2026-01-09,2026-05-15,False,4181000,4.78,4,1,Hybrid,Male
E11870,6,Senior Associate,2025-01-20,,True,1435000,3.84,4,0,Hybrid,Female
E11871,1,Director,2020-11-18,,True,4149000,4.94,3,2,Hybrid,Male
E11872,3,Analyst,2025-07-15,,True,781000,2.53,3,0,Hybrid,Male
E11873,6,Associate,2026-04-11,,True,1185000,2.79,3,2,Hybrid,Male
E11874,5,Senior Associate,2026-01-07,,True,1535000,4.2,2,0,Remote,Female
E11875,3,Senior Associate,2019-10-31,,True,1497000,3.79,4,0,Hybrid,Male
E11876,4,Associate,2023-01-28,,True,1241000,4.52,3,1,Hybrid,Female
E11877,3,Associate,2025-07-03,,True,941000,3.59,4,1,Remote,Male
E11878,1,Analyst,2023-09-27,,True,749000,2.99,5,0,Onsite,Male
E11879,4,Associate,2023-12-11,,True,1043000,3.45,2,0,Onsite,Female
E11880,5,Analyst,2022-11-13,,True,654000,2.53,3,2,Remote,Male
E11881,6,Manager,2025-08-05,,True,2087000,2.81,4,0,Hybrid,Male
E11882,4,Analyst,2019-09-10,,True,637000,4.28,4,1,Remote,Male
E11883,5,Analyst,2025-03-28,,True,845000,4.21,4,2,Onsite,Female
E11884,1,Senior Associate,2022-06-18,,True,1613000,3.85,3,0,Hybrid,Male
E11885,2,Senior Associate,2026-06-11,,True,1719000,2.4,3,1,Onsite,Male
E11886,1,Senior Manager,2024-11-28,,True,3139000,3.35,3,0,Hybrid,Female
E11887,1,Senior Associate,2025-01-08,,True,1609000,2.74,5,3,Onsite,Male
E11888,5,Associate,2023-10-30,,True,1145000,4.42,3,0,Onsite,Male
E11889,7,Manager,2026-03-30,,True,2557000,3.19,5,0,Onsite,Male
E11890,1,Senior Associate,2021-03-06,,True,1352000,2.84,3,0,Hybrid,Female
E11891,2,Analyst,2025-08-30,,True,711000,3.62,5,1,Onsite,Male
E11892,6,Senior Associate,2022-08-25,,True,1665000,3.15,4,1,Onsite,Female
E11893,1,Senior Manager,2020-12-16,,True,3583000,4.64,3,0,Onsite,Female
E11894,4,Associate,2023-09-08,,True,1243000,3.09,4,1,Onsite,Male
E11895,5,Associate,2021-11-24,,True,1123000,2.62,3,0,Remote,Female
E11896,4,Analyst,2022-10-21,2026-03-18,False,677000,2.09,3,0,Onsite,Male
E11897,1,Analyst,2025-01-01,,True,659000,3.58,2,0,Onsite,Male
E11898,2,Associate,2020-11-10,,True,1231000,3.21,2,0,Hybrid,Female
E11899,5,Senior Associate,2025-04-23,,True,1525000,2.6,3,0,Hybrid,Male
E11900,4,Analyst,2023-08-13,,True,678000,4.43,4,2,Hybrid,Male
E11901,1,Director,2021-11-02,,True,5153000,4.07,4,0,Hybrid,Male
E11902,5,Manager,2024-11-16,,True,1967000,3.58,2,1,Remote,Male
E11903,1,Senior Associate,2025-04-09,,True,1675000,4.56,4,1,Onsite,Male
E11904,5,Manager,2024-05-27,,True,2350000,4.06,4,0,Remote,Female
E11905,1,Analyst,2020-09-10,,True,651000,3.02,5,3,Hybrid,Female
E11906,7,Associate,2019-01-01,,True,1019000,2.87,4,1,Hybrid,Male
E11907,2,Senior Associate,2023-10-25,,True,1381000,4.17,3,0,Hybrid,Male
E11908,1,Manager,2022-10-22,,True,2334000,3.88,3,1,Hybrid,Male
E11909,1,Manager,2019-01-01,,True,2241000,3.72,4,0,Onsite,Male
E11910,1,Analyst,2026-02-22,,True,631000,3.01,1,2,Onsite,Male
E11911,6,Director,2025-08-07,2025-10-30,False,5214000,4.03,1,1,Remote,Male
E11912,7,Analyst,2022-04-18,,True,716000,3.07,2,0,Hybrid,Male
E11913,2,Senior Manager,2020-08-01,,True,2872000,3.53,3,1,Onsite,Male
E11914,2,Director,2019-11-15,,True,4107000,4.61,3,1,Hybrid,Female
E11915,5,Analyst,2024-09-02,,True,669000,3.14,3,0,Hybrid,Male
E11916,7,Manager,2026-03-07,,True,2624000,2.5,2,0,Onsite,Female
E11917,4,Analyst,2024-07-15,,True,702000,2.86,4,0,Hybrid,Female
E11918,2,Associate,2025-08-09,,True,1042000,4.3,3,2,Hybrid,Other
E11919,2,Associate,2025-04-29,,True,1205000,3.78,3,0,Onsite,Female
E11920,5,Senior Associate,2021-06-16,,True,1631000,3.51,1,0,Remote,Female
E11921,1,Director,2026-03-26,,True,4322000,3.24,2,0,Onsite,Female
E11922,4,Senior Associate,2020-07-05,,True,1761000,3.94,3,0,Hybrid,Male
E11923,2,Associate,2024-08-06,,True,1162000,3.01,3,0,Onsite,Female
E11924,5,Manager,2023-05-30,,True,2058000,3.81,3,0,Hybrid,Female
E11925,1,Director,2026-03-07,,True,4726000,3.09,4,0,Onsite,Male
E11926,4,Analyst,2025-02-04,,True,856000,2.97,3,0,Onsite,Female
E11927,2,VP,2026-03-07,2026-05-07,False,6979000,3.15,3,0,Hybrid,Male
E11928,5,Analyst,2019-01-01,,True,810000,3.34,3,1,Onsite,Male
E11929,1,Manager,2020-11-20,,True,2604000,3.57,4,0,Hybrid,Male
E11930,4,Associate,2024-05-26,2025-05-30,False,1142000,3.76,4,1,Hybrid,Female
E11931,4,Analyst,2025-08-21,,True,655000,1.02,4,1,Remote,Female
E11932,4,Associate,2019-01-01,,True,986000,3.03,3,1,Hybrid,Female
E11933,4,Senior Associate,2025-01-22,,True,1607000,3.33,3,1,Onsite,Female
E11934,5,Associate,2025-11-25,,True,996000,4.65,3,1,Onsite,Male
E11935,6,Analyst,2023-09-05,,True,865000,2.84,4,0,Remote,Female
E11936,1,Senior Associate,2019-01-01,,True,1511000,3.71,2,1,Hybrid,Male
E11937,6,Senior Manager,2026-06-27,,True,3074000,4.65,5,1,Onsite,Female
E11938,2,Associate,2025-07-28,,True,1146000,2.68,4,0,Hybrid,Male
E11939,1,Analyst,2019-01-01,,True,758000,3.88,4,1,Hybrid,Male
E11940,1,Associate,2025-11-10,,True,1034000,3.04,2,0,Remote,Female
E11941,1,Analyst,2026-02-02,2026-03-31,False,649000,3.25,4,3,Remote,Female
E11942,5,Manager,2023-08-16,,True,2328000,3.04,3,0,Remote,Male
E11943,5,Manager,2019-10-03,2022-04-11,False,2528000,3.09,2,0,Remote,Female
E11944,5,Senior Associate,2024-04-16,,True,1653000,5.0,3,0,Remote,Male
E11945,3,Associate,2019-01-01,,True,1034000,4.19,4,1,Onsite,Male
E11946,2,Manager,2022-08-17,,True,1984000,4.37,3,0,Hybrid,Female
E11947,1,Senior Associate,2026-03-28,2026-05-04,False,1719000,3.94,3,0,Hybrid,Male
E11948,1,Manager,2019-01-01,2022-08-05,False,2582000,2.48,2,2,Remote,Female
E11949,2,Senior Associate,2024-09-17,,True,1502000,3.88,4,0,Hybrid,Male
E11950,1,Manager,2025-05-06,,True,2426000,4.35,4,1,Onsite,Male
E11951,1,Senior Associate,2023-09-20,,True,1513000,3.0,4,0,Hybrid,Male
E11952,4,Associate,2025-04-06,2026-04-20,False,1076000,4.28,3,0,Hybrid,Male
E11953,5,Director,2026-03-11,,True,5010000,4.09,3,0,Onsite,Male
E11954,7,Senior Associate,2026-06-30,,True,1347000,4.9,3,0,Onsite,Female
E11955,7,Senior Associate,2024-06-18,,True,1574000,3.31,3,1,Hybrid,Female
E11956,5,Analyst,2020-04-27,,True,683000,2.83,5,0,Onsite,Female
E11957,2,Senior Associate,2023-08-09,,True,1477000,3.35,3,2,Onsite,Female
E11958,4,Senior Associate,2019-01-01,,True,1632000,4.6,3,0,Onsite,Male
E11959,5,Analyst,2025-05-07,,True,637000,2.32,3,0,Remote,Male
E11960,1,Analyst,2025-05-18,,True,775000,2.15,4,0,Hybrid,Male
E11961,2,Senior Associate,2025-11-27,,True,1449000,3.66,3,0,Onsite,Male
E11962,6,Manager,2025-11-20,,True,2382000,3.29,3,0,Hybrid,Female
E11963,2,Senior Associate,2025-05-10,,True,1377000,3.61,4,1,Hybrid,Male
E11964,4,Analyst,2021-02-18,,True,810000,4.26,3,0,Onsite,Male
E11965,4,Senior Associate,2019-01-01,,True,1633000,3.21,4,0,Onsite,Male
E11966,1,Analyst,2019-01-01,2020-09-22,False,868000,2.29,2,1,Hybrid,Male
E11967,2,Associate,2025-08-07,,True,1219000,5.0,4,1,Hybrid,Male
E11968,1,Analyst,2019-03-28,,True,699000,2.9,2,0,Hybrid,Female
E11969,1,Analyst,2025-02-21,,True,637000,2.86,1,0,Onsite,Male
E11970,1,Analyst,2026-02-02,,True,791000,4.37,4,0,Onsite,Female
E11971,6,Associate,2019-07-19,,True,1111000,3.33,3,3,Remote,Male
E11972,1,Analyst,2023-01-20,,True,637000,3.56,3,1,Onsite,Female
E11973,3,Associate,2025-11-19,,True,943000,3.94,3,1,Hybrid,Female
E11974,1,Associate,2024-08-01,,True,1105000,4.36,4,1,Onsite,Female
E11975,7,Associate,2025-05-06,,True,1219000,3.37,3,0,Onsite,Male
E11976,1,Associate,2021-12-13,,True,1217000,4.66,5,1,Onsite,Male
E11977,2,Manager,2024-06-10,,True,2001000,2.1,5,0,Onsite,Female
E11978,6,Analyst,2019-01-01,,True,724000,4.13,4,0,Onsite,Male
E11979,6,Associate,2026-04-22,,True,915000,3.01,3,0,Onsite,Male
E11980,1,Analyst,2025-01-02,,True,745000,4.56,3,2,Hybrid,Male
E11981,6,Analyst,2024-04-04,,True,815000,3.7,4,0,Hybrid,Female
E11982,2,Senior Associate,2024-02-12,,True,1706000,3.13,2,1,Onsite,Male
E11983,2,Senior Associate,2025-03-16,,True,1558000,4.06,3,0,Remote,Female
E11984,1,Senior Manager,2022-01-17,,True,2707000,4.23,2,0,Onsite,Male
E11985,1,Senior Associate,2019-06-03,,True,1499000,4.05,2,1,Onsite,Male
E11986,5,Director,2019-01-01,,True,5150000,2.88,3,0,Hybrid,Male
E11987,2,Analyst,2020-12-04,,True,686000,3.26,3,0,Hybrid,Male
E11988,2,Analyst,2020-01-09,,True,708000,3.6,4,0,Hybrid,Male
E11989,5,Analyst,2023-10-10,2025-01-18,False,813000,3.57,3,1,Onsite,Male
E11990,5,Analyst,2020-07-17,,True,810000,4.12,3,0,Hybrid,Male
E11991,1,Senior Associate,2025-04-07,,True,1768000,2.19,2,0,Hybrid,Female
E11992,4,Senior Associate,2024-10-07,,True,1502000,3.83,3,0,Onsite,Female
E11993,1,Analyst,2025-03-14,,True,756000,3.4,3,2,Onsite,Male
E11994,5,Director,2024-05-08,,True,4467000,3.01,4,0,Hybrid,Male
E11995,5,Manager,2025-05-09,2026-01-15,False,2572000,3.08,5,0,Hybrid,Male
E11996,7,Associate,2019-01-01,,True,1169000,3.45,2,1,Onsite,Male
E11997,1,Analyst,2025-03-22,,True,834000,1.08,3,0,Onsite,Male
E11998,1,Analyst,2026-02-23,,True,663000,3.11,3,1,Onsite,Female
E11999,1,Analyst,2023-12-13,,True,824000,2.99,5,1,Hybrid,Female
E12000,1,Analyst,2026-04-19,,True,736000,3.97,4,0,Hybrid,Female
E12001,1,Associate,2026-02-06,,True,908000,3.04,4,0,Onsite,Male
E12002,7,Analyst,2025-08-27,,True,645000,3.45,3,2,Onsite,Female
E12003,1,Associate,2024-05-16,,True,1137000,4.68,5,0,Remote,Female
E12004,1,VP,2024-07-25,,True,6696000,4.3,2,0,Hybrid,Male
E12005,5,Senior Associate,2021-01-07,,True,1746000,4.23,2,0,Hybrid,Female
E12006,2,Director,2021-12-01,,True,4859000,3.25,4,1,Onsite,Male
E12007,5,Analyst,2024-08-09,,True,635000,3.98,5,0,Hybrid,Male
E12008,1,Associate,2025-02-11,,True,1140000,3.44,2,1,Hybrid,Male
E12009,2,Senior Associate,2025-03-15,,True,1403000,3.46,2,0,Onsite,Female
E12010,1,Analyst,2021-06-07,,True,734000,3.89,2,0,Remote,Female
E12011,1,Analyst,2026-04-26,2026-06-23,False,783000,3.18,2,1,Remote,Female
E12012,7,Senior Associate,2026-06-15,,True,1748000,4.65,3,1,Hybrid,Female
E12013,1,Senior Associate,2021-02-02,,True,1536000,3.49,5,2,Hybrid,Male
E12014,3,Associate,2024-04-15,,True,1183000,4.03,4,1,Hybrid,Male
E12015,2,Associate,2026-01-08,,True,1174000,4.62,4,0,Onsite,Female
E12016,2,Associate,2025-08-01,,True,1045000,4.32,4,0,Onsite,Female
E12017,7,Analyst,2019-01-01,,True,753000,2.61,3,1,Hybrid,Male
E12018,1,Associate,2019-10-24,,True,1145000,3.91,4,1,Hybrid,Female
E12019,5,Analyst,2022-04-14,,True,638000,4.2,3,0,Remote,Male
E12020,7,Analyst,2024-04-03,,True,848000,4.22,3,0,Onsite,Female
E12021,4,Director,2023-12-30,2025-01-12,False,4912000,2.82,3,1,Hybrid,Female
E12022,7,Senior Associate,2019-01-01,,True,1432000,3.14,3,1,Hybrid,Female
E12023,1,Manager,2019-01-01,,True,2611000,4.3,4,0,Hybrid,Male
E12024,2,Associate,2025-09-03,,True,963000,3.07,5,1,Remote,Male
E12025,1,Associate,2020-10-26,,True,1220000,3.39,3,0,Remote,Male
E12026,5,Analyst,2025-10-01,,True,709000,4.7,4,0,Onsite,Female
E12027,7,Analyst,2025-09-06,,True,817000,3.57,2,0,Onsite,Female
E12028,1,Analyst,2022-08-29,,True,742000,3.09,4,2,Onsite,Female
E12029,5,Manager,2024-09-23,,True,2431000,2.99,3,1,Hybrid,Male
E12030,1,Senior Associate,2019-01-01,,True,1384000,3.83,2,3,Onsite,Male
E12031,4,Senior Associate,2026-03-07,,True,1442000,2.67,3,0,Hybrid,Male
E12032,2,Associate,2024-01-22,,True,935000,3.43,4,0,Onsite,Male
E12033,7,Senior Manager,2019-01-01,,True,3488000,3.83,2,1,Hybrid,Female
E12034,4,Analyst,2019-01-01,,True,703000,4.51,5,0,Hybrid,Female
E12035,2,Associate,2025-12-02,,True,1143000,4.07,2,1,Hybrid,Other
E12036,1,Associate,2024-12-10,,True,1187000,3.1,5,0,Hybrid,Male
E12037,1,Manager,2023-03-18,,True,2553000,4.42,4,0,Onsite,Male
E12038,1,VP,2025-11-27,,True,6092000,3.39,3,0,Onsite,Male
E12039,1,Analyst,2019-01-01,,True,849000,2.74,3,0,Hybrid,Female
E12040,6,Senior Manager,2019-01-01,,True,2810000,3.48,4,0,Hybrid,Female
E12041,4,Manager,2025-11-16,2026-03-14,False,2432000,4.61,4,0,Remote,Male
E12042,3,Analyst,2026-01-22,,True,809000,3.72,4,0,Remote,Male
E12043,1,Associate,2026-03-12,2026-06-30,False,903000,3.61,3,1,Hybrid,Female
E12044,6,Associate,2019-01-01,,True,977000,4.75,3,1,Onsite,Female
E12045,5,Director,2025-10-07,2026-01-03,False,4503000,2.6,5,0,Hybrid,Male
E12046,1,Analyst,2024-08-31,2025-02-28,False,733000,2.7,3,1,Onsite,Female
E12047,5,Manager,2024-06-20,,True,2565000,2.47,3,0,Onsite,Male
E12048,3,Associate,2023-05-21,,True,1026000,3.86,3,1,Onsite,Female
E12049,1,Manager,2026-03-31,,True,2579000,3.72,4,0,Onsite,Male
E12050,2,Associate,2025-08-15,,True,1061000,4.68,4,0,Onsite,Male
E12051,2,Senior Associate,2019-01-01,,True,1794000,3.77,3,2,Hybrid,Male
E12052,1,Manager,2019-01-01,,True,2432000,3.32,2,0,Remote,Male
E12053,7,Manager,2021-04-27,,True,2500000,3.6,1,0,Onsite,Male
E12054,6,Senior Manager,2026-06-07,,True,2716000,3.68,3,0,Remote,Female
E12055,5,Analyst,2025-02-24,2026-05-21,False,774000,2.43,3,0,Onsite,Male
E12056,2,Senior Associate,2023-02-17,,True,1377000,5.0,5,0,Onsite,Female
E12057,2,Analyst,2025-05-27,,True,703000,3.96,3,0,Hybrid,Male
E12058,5,Associate,2019-01-01,,True,1118000,3.75,3,0,Hybrid,Male
E12059,3,Senior Associate,2023-01-28,,True,1674000,4.03,4,1,Onsite,Female
E12060,1,Associate,2026-03-31,,True,914000,4.1,3,0,Onsite,Female
E12061,3,Associate,2019-01-01,,True,1086000,3.5,3,0,Hybrid,Male
E12062,6,VP,2019-01-01,2026-03-02,False,7136000,3.16,2,3,Onsite,Male
E12063,2,Analyst,2026-03-23,2026-06-22,False,649000,4.02,3,1,Hybrid,Female
E12064,1,Senior Associate,2023-11-29,,True,1559000,3.87,5,0,Hybrid,Male
E12065,5,Associate,2025-04-08,,True,1150000,3.03,3,1,Onsite,Male
E12066,1,Analyst,2024-10-19,2026-06-03,False,643000,4.59,3,3,Remote,Male
E12067,1,Analyst,2025-10-28,,True,816000,3.81,4,0,Onsite,Male
E12068,1,Director,2023-07-24,,True,4627000,4.11,5,0,Hybrid,Male
E12069,1,Senior Manager,2019-01-01,,True,3456000,4.57,3,1,Hybrid,Female
E12070,5,Senior Manager,2024-02-12,,True,2831000,3.62,3,1,Remote,Male
E12071,3,VP,2026-03-16,,True,7746000,3.82,5,0,Hybrid,Male
E12072,1,Analyst,2023-03-15,,True,653000,4.17,3,0,Hybrid,Female
E12073,6,Associate,2025-01-30,,True,1041000,3.09,4,0,Onsite,Female
E12074,6,Senior Associate,2019-11-24,,True,1406000,3.64,4,1,Hybrid,Male
E12075,6,Associate,2024-07-22,,True,1207000,3.69,4,0,Hybrid,Female
E12076,1,Associate,2025-10-08,,True,1147000,2.93,3,0,Onsite,Female
E12077,2,Associate,2025-10-11,,True,909000,5.0,3,0,Remote,Male
E12078,7,Senior Associate,2021-07-05,,True,1310000,2.61,4,0,Onsite,Male
E12079,5,Senior Associate,2025-06-12,,True,1453000,2.69,3,0,Remote,Female
E12080,1,Analyst,2021-07-13,2025-03-06,False,665000,4.52,3,1,Remote,Male
E12081,1,Associate,2025-09-18,,True,1121000,4.1,3,0,Hybrid,Male
E12082,2,Senior Associate,2025-03-05,2025-05-19,False,1642000,2.88,1,1,Hybrid,Female
E12083,7,Senior Associate,2024-05-13,,True,1783000,4.03,5,0,Onsite,Male
E12084,3,Analyst,2019-01-01,2023-03-08,False,863000,4.63,3,0,Remote,Female
E12085,2,Manager,2019-01-01,,True,2374000,3.58,5,0,Onsite,Male
E12086,1,Analyst,2025-09-16,,True,631000,5.0,2,1,Hybrid,Male
E12087,5,Associate,2024-12-27,,True,1026000,2.39,3,2,Hybrid,Male
E12088,6,Manager,2025-12-12,,True,2267000,4.09,3,0,Remote,Male
E12089,2,Senior Associate,2024-01-26,,True,1558000,4.42,4,0,Hybrid,Female
E12090,5,Analyst,2024-05-24,,True,778000,4.22,4,0,Hybrid,Female
E12091,7,Senior Associate,2019-01-01,2024-03-14,False,1792000,3.46,2,2,Onsite,Male
E12092,1,Senior Associate,2019-01-01,,True,1754000,3.4,5,0,Onsite,Female
E12093,3,Manager,2024-11-06,,True,1970000,3.91,3,0,Onsite,Male
E12094,1,Manager,2024-03-11,,True,2085000,4.17,4,1,Remote,Male
E12095,5,Senior Associate,2019-01-01,,True,1728000,4.02,5,1,Hybrid,Male
E12096,4,Associate,2020-11-24,,True,1189000,4.33,4,1,Hybrid,Male
E12097,4,Analyst,2026-06-27,,True,697000,2.89,5,0,Hybrid,Female
E12098,5,Analyst,2025-03-08,,True,809000,3.44,3,0,Hybrid,Male
E12099,2,Associate,2024-08-19,,True,1135000,2.94,2,0,Onsite,Male
E12100,7,Senior Associate,2025-08-11,,True,1545000,3.33,3,2,Onsite,Male
E12101,3,Associate,2025-09-27,2026-02-09,False,971000,4.31,3,1,Onsite,Female
E12102,1,Associate,2026-05-15,,True,1211000,3.68,4,2,Hybrid,Female
E12103,5,Analyst,2022-12-26,,True,796000,5.0,3,1,Onsite,Female
E12104,5,Associate,2025-06-18,,True,959000,3.74,4,0,Hybrid,Male
E12105,1,Associate,2026-04-26,,True,1147000,3.64,3,2,Hybrid,Male
E12106,6,Manager,2025-08-09,,True,2435000,3.67,3,1,Hybrid,Male
E12107,7,Analyst,2020-12-25,,True,847000,3.15,4,0,Onsite,Male
E12108,1,Senior Associate,2020-01-01,,True,1418000,3.56,3,1,Onsite,Female
E12109,7,Director,2024-04-01,,True,5233000,4.39,4,1,Onsite,Male
E12110,1,Analyst,2024-08-31,,True,668000,3.68,3,1,Hybrid,Male
E12111,1,Associate,2019-01-01,2024-01-24,False,1110000,3.04,4,2,Onsite,Male
E12112,1,Analyst,2025-09-26,,True,791000,2.95,2,0,Hybrid,Male
E12113,7,Senior Associate,2025-09-03,,True,1518000,3.28,3,1,Hybrid,Male
E12114,5,Senior Associate,2025-04-28,,True,1546000,3.65,4,2,Onsite,Male
E12115,1,Associate,2025-11-07,,True,1212000,4.44,4,0,Hybrid,Male
E12116,2,Senior Associate,2024-11-15,,True,1632000,2.66,3,0,Hybrid,Female
E12117,4,Senior Manager,2019-01-01,2019-02-23,False,3114000,3.38,3,0,Hybrid,Male
E12118,1,Analyst,2023-03-30,,True,661000,3.7,3,1,Onsite,Female
E12119,7,Analyst,2024-09-09,,True,632000,2.32,3,0,Onsite,Female
E12120,6,Senior Manager,2019-01-01,,True,2737000,3.02,4,0,Onsite,Female
E12121,3,Senior Associate,2026-05-01,,True,1790000,3.12,4,0,Onsite,Male
E12122,7,Senior Manager,2025-09-11,,True,3386000,3.04,2,0,Hybrid,Male
E12123,2,Senior Associate,2023-08-28,,True,1796000,3.73,3,0,Hybrid,Female
E12124,7,Manager,2023-03-30,2024-04-30,False,1916000,3.49,4,0,Remote,Male
E12125,5,Associate,2026-05-12,2026-06-14,False,1138000,3.21,3,0,Onsite,Male
E12126,4,Manager,2024-09-27,,True,1923000,3.9,4,1,Onsite,Male
E12127,1,Senior Manager,2022-12-06,,True,3404000,4.81,2,0,Hybrid,Female
E12128,7,Senior Associate,2022-06-02,,True,1498000,4.75,4,4,Onsite,Female
E12129,2,Analyst,2023-01-13,2025-11-06,False,653000,2.25,3,1,Onsite,Male
E12130,1,Analyst,2025-03-07,,True,769000,4.0,4,0,Hybrid,Male
E12131,1,Analyst,2026-03-01,,True,699000,3.48,3,1,Onsite,Female
E12132,4,Analyst,2024-08-07,,True,792000,3.71,3,1,Hybrid,Male
E12133,3,Associate,2026-01-11,,True,1130000,3.32,4,0,Onsite,Male
E12134,5,Senior Associate,2019-01-01,,True,1663000,3.68,2,1,Hybrid,Male
E12135,7,Senior Associate,2024-04-20,,True,1809000,3.71,3,0,Hybrid,Female
E12136,1,Associate,2025-03-14,2026-03-13,False,1035000,3.19,3,1,Onsite,Male
E12137,5,Senior Associate,2021-07-18,,True,1541000,2.97,3,1,Remote,Male
E12138,1,Analyst,2024-02-25,,True,827000,3.29,5,0,Hybrid,Male
E12139,6,Analyst,2025-03-27,,True,772000,3.76,4,1,Remote,Female
E12140,6,Analyst,2020-10-21,,True,639000,4.02,2,0,Onsite,Female
E12141,3,Associate,2019-08-15,,True,1195000,4.2,4,0,Hybrid,Male
E12142,5,Analyst,2022-09-09,,True,643000,3.25,3,1,Onsite,Female
E12143,1,Associate,2026-05-03,,True,960000,3.8,5,1,Hybrid,Male
E12144,2,Associate,2023-08-27,,True,936000,4.27,3,2,Hybrid,Male
E12145,6,Manager,2021-08-03,,True,1947000,4.42,3,1,Hybrid,Female
E12146,2,Analyst,2025-12-31,,True,636000,3.56,3,1,Remote,Male
E12147,2,Senior Associate,2025-08-12,,True,1333000,3.45,3,1,Onsite,Male
E12148,2,Senior Associate,2019-03-16,,True,1530000,3.73,3,2,Onsite,Male
E12149,6,Manager,2026-06-06,,True,2076000,2.8,3,1,Hybrid,Female
E12150,1,Director,2021-09-27,,True,3966000,3.46,4,0,Hybrid,Female
E12151,1,Analyst,2024-04-23,,True,791000,4.12,3,0,Onsite,Female
E12152,5,Analyst,2024-06-25,,True,685000,4.05,5,0,Hybrid,Male
E12153,6,Senior Manager,2026-06-23,,True,2629000,3.41,3,0,Remote,Female
E12154,1,Associate,2020-09-01,,True,1046000,3.75,4,0,Hybrid,Male
E12155,1,Senior Associate,2024-12-23,,True,1463000,3.02,5,0,Onsite,Female
E12156,1,Senior Associate,2023-11-06,,True,1467000,4.09,4,1,Onsite,Female
E12157,2,Senior Associate,2022-08-24,,True,1531000,3.55,4,0,Remote,Male
E12158,2,Director,2022-05-14,2026-06-08,False,4763000,3.41,4,0,Hybrid,Male
E12159,5,VP,2019-01-01,,True,7252000,3.35,3,0,Remote,Male
E12160,5,Manager,2023-12-01,,True,2579000,3.56,4,0,Onsite,Female
E12161,4,Associate,2024-10-04,,True,1081000,3.29,3,2,Hybrid,Male
E12162,2,Senior Manager,2019-01-01,,True,3090000,4.06,3,1,Hybrid,Male
E12163,6,Analyst,2022-12-31,,True,682000,3.32,3,0,Onsite,Male
E12164,2,Analyst,2025-04-17,,True,815000,4.72,4,0,Hybrid,Male
E12165,7,Senior Manager,2026-01-14,,True,2753000,4.63,3,1,Hybrid,Female
E12166,4,Analyst,2020-03-14,,True,750000,2.98,3,1,Hybrid,Male
E12167,1,Analyst,2024-12-19,,True,733000,3.65,3,0,Hybrid,Male
E12168,5,Analyst,2022-10-26,,True,791000,3.14,5,3,Hybrid,Female
E12169,1,Senior Manager,2024-04-30,,True,3541000,3.37,2,2,Remote,Female
E12170,5,Associate,2025-09-28,,True,1231000,5.0,2,0,Hybrid,Male
E12171,1,Senior Associate,2023-05-13,,True,1390000,3.38,3,1,Hybrid,Male
E12172,1,Analyst,2026-04-15,,True,694000,3.85,5,0,Onsite,Female
E12173,6,Manager,2024-09-06,,True,2487000,3.98,5,2,Hybrid,Male
E12174,1,Manager,2023-10-21,,True,2271000,2.9,4,0,Hybrid,Female
E12175,6,Associate,2024-07-19,,True,1059000,3.0,4,0,Onsite,Male
E12176,1,Associate,2021-10-17,,True,1149000,2.76,3,2,Hybrid,Male
E12177,5,Analyst,2020-07-02,,True,777000,2.98,5,0,Onsite,Male
E12178,5,Director,2021-06-22,,True,5207000,1.6,2,0,Hybrid,Male
E12179,3,Senior Associate,2026-05-13,,True,1601000,3.98,2,1,Onsite,Female
E12180,1,Director,2025-10-06,,True,4465000,5.0,2,0,Onsite,Female
E12181,1,Associate,2023-11-17,,True,1090000,3.7,3,1,Remote,Female
E12182,1,Manager,2019-01-01,,True,2484000,2.61,4,0,Hybrid,Female
E12183,1,Manager,2020-05-11,,True,2340000,3.15,3,0,Hybrid,Female
E12184,5,Senior Associate,2020-03-14,,True,1633000,3.28,5,0,Hybrid,Female
E12185,7,Director,2025-04-08,,True,5208000,2.89,3,0,Hybrid,Female
E12186,6,Associate,2024-08-02,,True,1116000,4.2,3,4,Hybrid,Male
E12187,5,Analyst,2024-05-01,,True,723000,4.17,3,0,Hybrid,Male
E12188,5,Senior Associate,2025-11-30,,True,1656000,2.79,4,0,Remote,Female
E12189,5,Manager,2026-05-23,,True,2375000,4.11,4,2,Onsite,Female
E12190,1,Senior Associate,2019-01-01,,True,1312000,4.67,3,0,Remote,Female
E12191,7,Analyst,2025-07-24,,True,744000,4.93,3,0,Onsite,Female
E12192,5,Associate,2025-07-25,2025-08-26,False,1160000,5.0,3,0,Hybrid,Male
E12193,4,Associate,2026-03-15,,True,1075000,2.97,4,1,Onsite,Female
E12194,1,Associate,2019-01-01,,True,1173000,5.0,5,1,Hybrid,Female
E12195,2,Senior Associate,2023-07-19,2026-05-21,False,1534000,3.35,2,3,Hybrid,Male
E12196,2,Manager,2022-10-02,,True,2613000,3.19,4,0,Remote,Female
E12197,6,Analyst,2019-01-01,,True,702000,3.83,3,0,Remote,Male
E12198,3,Associate,2025-01-20,,True,932000,3.19,3,0,Remote,Female
E12199,2,Analyst,2023-03-10,,True,735000,3.88,5,2,Onsite,Female
E12200,7,Analyst,2026-05-13,,True,763000,2.68,3,0,Remote,Male
E12201,1,Manager,2025-10-17,,True,2147000,3.43,3,0,Hybrid,Male
E12202,2,Senior Manager,2020-06-08,,True,2856000,4.5,3,2,Remote,Male
E12203,1,Associate,2021-07-16,,True,1135000,3.56,3,0,Onsite,Male
E12204,5,Manager,2025-01-10,,True,2167000,3.7,4,1,Hybrid,Male
E12205,7,Senior Manager,2024-11-20,,True,3251000,3.93,4,0,Remote,Male
E12206,1,Manager,2023-11-25,,True,2463000,4.42,5,2,Remote,Female
E12207,6,Analyst,2026-07-01,,True,816000,2.44,3,1,Hybrid,Male
E12208,1,Director,2025-07-23,,True,4332000,4.01,2,1,Hybrid,Male
E12209,7,Associate,2025-09-14,,True,1099000,3.41,1,0,Onsite,Female
E12210,5,Associate,2025-07-08,,True,1057000,3.72,3,0,Hybrid,Female
E12211,6,Analyst,2020-11-29,,True,843000,4.34,5,0,Hybrid,Female
E12212,1,Associate,2025-05-19,,True,1208000,2.76,4,0,Onsite,Female
E12213,7,Analyst,2025-10-10,,True,714000,2.89,3,0,Onsite,Male
E12214,5,Analyst,2024-02-09,,True,652000,2.25,4,1,Onsite,Male
E12215,1,Associate,2019-08-29,,True,959000,3.22,4,0,Hybrid,Male
E12216,6,Manager,2025-07-23,,True,2160000,4.53,1,0,Onsite,Female
E12217,1,Senior Manager,2026-03-22,2026-04-22,False,3183000,3.52,4,1,Hybrid,Male
E12218,6,Associate,2024-12-30,,True,1130000,2.66,3,1,Onsite,Female
E12219,1,Senior Manager,2021-10-22,,True,2946000,3.26,2,1,Hybrid,Male
E12220,5,Senior Manager,2023-10-10,,True,3288000,2.56,3,2,Hybrid,Male
E12221,3,Manager,2020-09-18,,True,2579000,2.81,3,1,Hybrid,Male
E12222,1,Analyst,2019-01-01,,True,790000,3.87,3,1,Hybrid,Female
E12223,1,Senior Associate,2021-02-19,,True,1385000,2.78,3,1,Hybrid,Male
E12224,1,Director,2023-05-06,,True,4632000,4.38,3,2,Onsite,Male
E12225,2,Senior Associate,2024-03-07,,True,1580000,3.55,4,0,Remote,Male
E12226,1,Associate,2026-05-12,,True,1205000,3.66,5,0,Onsite,Male
E12227,4,Associate,2019-01-01,,True,1023000,3.41,4,1,Onsite,Female
E12228,1,Senior Associate,2024-11-07,,True,1520000,4.14,3,2,Hybrid,Male
E12229,1,Associate,2025-12-08,,True,1110000,4.15,3,1,Onsite,Male
E12230,5,Analyst,2022-10-03,,True,758000,3.83,3,3,Hybrid,Female
E12231,1,Associate,2025-05-11,,True,1152000,4.0,2,1,Onsite,Male
E12232,7,Manager,2023-07-01,,True,1920000,3.45,3,1,Hybrid,Male
E12233,6,Senior Manager,2023-06-28,,True,3182000,3.98,4,2,Onsite,Male
E12234,5,Analyst,2024-06-27,,True,660000,3.36,4,2,Onsite,Male
E12235,4,Director,2020-05-03,,True,4243000,3.6,4,1,Onsite,Male
E12236,7,Associate,2025-06-13,,True,1132000,3.41,3,1,Hybrid,Female
E12237,1,Senior Associate,2024-06-21,,True,1385000,3.28,3,1,Remote,Female
E12238,1,Manager,2023-11-14,2024-09-01,False,2117000,3.12,4,0,Hybrid,Male
E12239,1,Manager,2022-10-15,,True,2407000,3.93,3,0,Hybrid,Female
E12240,5,Director,2021-04-11,,True,4737000,4.52,3,0,Hybrid,Male
E12241,1,Associate,2024-10-14,,True,932000,4.42,3,1,Remote,Male
E12242,4,Senior Manager,2022-12-17,2023-05-16,False,3196000,2.72,3,3,Hybrid,Female
E12243,7,Analyst,2025-12-10,,True,666000,4.5,2,0,Onsite,Male
E12244,6,Senior Associate,2019-01-01,,True,1433000,3.38,4,0,Hybrid,Male
E12245,3,Manager,2024-11-07,,True,2228000,4.02,4,0,Hybrid,Female
E12246,1,Senior Associate,2022-01-16,,True,1360000,2.97,3,0,Onsite,Male
E12247,6,Analyst,2026-06-06,,True,873000,3.7,2,1,Onsite,Male
E12248,4,Senior Manager,2025-09-19,,True,2778000,3.82,4,1,Remote,Female
E12249,1,Analyst,2024-03-23,,True,821000,2.56,3,1,Remote,Female
E12250,1,Analyst,2019-04-29,,True,833000,4.03,3,0,Hybrid,Female
E12251,7,Senior Associate,2023-12-12,,True,1810000,4.54,2,1,Remote,Male
E12252,5,Associate,2019-01-01,,True,1050000,3.48,3,1,Hybrid,Male
E12253,6,Manager,2024-03-31,,True,2532000,4.55,4,0,Onsite,Male
E12254,6,Associate,2024-03-14,,True,1235000,3.47,4,1,Onsite,Male
E12255,4,Analyst,2026-01-24,,True,672000,4.19,3,1,Onsite,Male
E12256,3,Manager,2020-12-20,,True,2242000,2.05,3,1,Onsite,Female
E12257,2,Senior Associate,2025-07-13,,True,1335000,5.0,2,0,Onsite,Male
E12258,1,Analyst,2019-01-01,,True,782000,4.65,2,0,Hybrid,Male
E12259,2,Manager,2019-01-01,,True,2317000,3.4,5,0,Hybrid,Male
E12260,5,Associate,2019-01-01,,True,971000,2.22,4,0,Remote,Female
E12261,4,Senior Associate,2023-12-30,,True,1710000,3.8,3,1,Hybrid,Female
E12262,7,Associate,2022-08-25,,True,913000,2.59,4,0,Remote,Other
E12263,2,Manager,2021-05-12,,True,2483000,3.91,4,0,Hybrid,Male
E12264,4,Manager,2026-01-08,,True,1910000,3.89,4,0,Remote,Male
E12265,4,Senior Associate,2023-05-15,,True,1638000,2.94,1,0,Hybrid,Male
E12266,4,Analyst,2026-05-19,2026-06-22,False,649000,4.38,3,0,Onsite,Female
E12267,5,Manager,2024-02-26,,True,2075000,4.16,4,0,Remote,Male
E12268,1,Senior Associate,2025-12-04,2026-05-19,False,1671000,4.28,3,2,Onsite,Male
E12269,3,Senior Associate,2025-10-23,,True,1447000,3.61,5,0,Hybrid,Male
E12270,1,Associate,2024-12-13,,True,1079000,2.61,4,1,Onsite,Male
E12271,2,Senior Manager,2024-07-27,,True,3539000,4.28,5,2,Hybrid,Male
E12272,2,Manager,2023-03-05,,True,1926000,3.41,3,0,Remote,Male
E12273,5,Analyst,2026-03-27,,True,829000,2.63,4,2,Onsite,Male
E12274,7,Associate,2024-02-11,,True,923000,4.55,3,1,Remote,Male
E12275,4,Senior Manager,2025-10-24,,True,2739000,5.0,5,0,Onsite,Male
E12276,5,Analyst,2023-08-05,,True,659000,3.57,3,2,Onsite,Female
E12277,3,Director,2023-01-16,,True,5241000,5.0,3,1,Onsite,Male
E12278,4,Senior Associate,2023-09-23,,True,1396000,3.66,4,0,Hybrid,Female
E12279,1,Senior Associate,2021-12-06,,True,1760000,3.33,3,0,Onsite,Male
E12280,1,Analyst,2025-02-08,2025-07-27,False,873000,3.16,3,0,Hybrid,Male
E12281,2,Analyst,2021-07-25,,True,724000,4.75,5,1,Onsite,Female
E12282,2,Director,2024-07-26,,True,4708000,3.05,3,2,Onsite,Female
E12283,1,Associate,2024-03-30,,True,1173000,4.11,4,0,Hybrid,Male
E12284,1,Manager,2022-12-10,,True,2179000,3.21,2,2,Onsite,Male
E12285,1,Associate,2026-06-08,,True,957000,3.28,4,0,Onsite,Male
E12286,7,Analyst,2022-11-19,,True,736000,4.32,4,0,Onsite,Male
E12287,1,Analyst,2023-03-20,,True,819000,3.33,3,0,Hybrid,Male
E12288,2,Senior Associate,2025-03-27,,True,1701000,3.32,1,0,Hybrid,Male
E12289,1,Director,2026-03-12,2026-05-04,False,4119000,4.39,3,2,Onsite,Male
E12290,4,Associate,2026-03-05,,True,961000,4.72,1,0,Onsite,Male
E12291,1,Associate,2019-01-01,,True,1222000,4.05,1,0,Onsite,Female
E12292,1,Associate,2022-07-08,2026-03-11,False,915000,3.14,4,1,Onsite,Female
E12293,3,Senior Associate,2026-01-13,2026-03-26,False,1678000,3.24,3,1,Remote,Male
E12294,1,Associate,2024-12-29,,True,916000,3.66,3,1,Hybrid,Female
E12295,1,Senior Manager,2023-06-10,,True,3460000,3.82,4,0,Hybrid,Female
E12296,1,Associate,2020-05-07,,True,1217000,2.91,2,1,Onsite,Male
E12297,1,Associate,2026-05-07,2026-06-23,False,1004000,4.11,3,0,Hybrid,Male
E12298,1,Analyst,2025-07-30,,True,648000,3.66,2,0,Hybrid,Female
E12299,1,VP,2019-01-01,,True,6944000,2.4,3,0,Hybrid,Male
E12300,6,Analyst,2026-06-20,,True,703000,2.95,4,0,Hybrid,Female
E12301,4,Analyst,2025-09-25,,True,732000,3.25,4,2,Hybrid,Male
E12302,3,Senior Associate,2019-01-01,,True,1642000,3.55,3,0,Hybrid,Male
E12303,1,Senior Associate,2023-04-06,,True,1411000,4.92,2,0,Onsite,Female
E12304,7,Associate,2025-06-19,,True,1025000,3.77,2,0,Hybrid,Female
E12305,2,Associate,2026-04-06,,True,1174000,3.01,3,0,Onsite,Male
E12306,1,Manager,2026-05-27,,True,2363000,3.75,5,1,Hybrid,Female
E12307,4,Analyst,2025-07-17,,True,710000,3.35,3,1,Hybrid,Male
E12308,1,Manager,2019-03-26,,True,2378000,3.83,3,4,Hybrid,Female
E12309,2,Senior Associate,2024-08-31,,True,1693000,4.01,2,0,Hybrid,Female
E12310,3,Associate,2022-02-27,,True,1107000,4.45,4,0,Onsite,Male
E12311,6,Associate,2019-01-01,,True,984000,3.58,4,2,Onsite,Male
E12312,2,Analyst,2024-09-17,2025-02-11,False,630000,4.75,4,1,Hybrid,Male
E12313,5,Manager,2025-10-10,,True,2480000,4.24,4,3,Remote,Male
E12314,7,Associate,2024-01-07,,True,1188000,3.1,3,0,Hybrid,Male
E12315,1,Associate,2019-01-01,,True,1144000,5.0,2,0,Onsite,Female
E12316,1,Senior Associate,2020-12-09,,True,1344000,3.83,3,0,Remote,Male
E12317,2,VP,2026-04-08,,True,7181000,3.02,4,0,Remote,Male
E12318,2,Associate,2022-06-25,,True,1187000,4.76,4,2,Onsite,Female
E12319,2,Senior Manager,2023-08-11,,True,3006000,5.0,3,0,Hybrid,Male
E12320,7,Associate,2019-01-01,,True,969000,3.58,4,0,Hybrid,Male
E12321,5,Analyst,2026-01-20,,True,774000,3.25,4,0,Hybrid,Male
E12322,4,Analyst,2023-11-24,,True,832000,3.48,4,0,Remote,Male
E12323,1,Associate,2019-04-16,,True,917000,4.1,3,1,Onsite,Male
E12324,6,Analyst,2024-09-13,,True,776000,4.49,4,0,Hybrid,Female
E12325,7,Analyst,2024-04-04,,True,788000,4.0,3,1,Hybrid,Male
E12326,6,Senior Manager,2026-04-02,,True,3221000,3.67,4,1,Remote,Female
E12327,1,Manager,2025-05-22,,True,2368000,4.65,5,1,Remote,Female
E12328,4,Manager,2025-02-28,,True,2354000,3.38,3,1,Remote,Female
E12329,1,Analyst,2019-01-01,,True,662000,4.32,4,1,Hybrid,Male
E12330,1,Analyst,2025-05-14,,True,688000,3.4,4,0,Hybrid,Male
E12331,1,Analyst,2024-05-24,,True,782000,3.9,2,1,Onsite,Female
E12332,4,Manager,2022-09-16,,True,1903000,3.52,3,0,Onsite,Male
E12333,5,Senior Manager,2025-11-23,,True,3254000,3.56,2,0,Onsite,Male
E12334,1,Associate,2024-03-24,,True,1133000,3.34,5,1,Hybrid,Female
E12335,2,Analyst,2021-12-05,,True,689000,4.54,4,0,Remote,Female
E12336,2,Associate,2019-08-18,2022-07-11,False,1109000,3.09,2,0,Onsite,Male
E12337,2,Associate,2023-02-23,,True,1087000,3.08,2,1,Onsite,Female
E12338,1,Associate,2022-09-24,,True,991000,5.0,3,0,Hybrid,Male
E12339,2,Senior Associate,2026-01-14,,True,1540000,4.28,3,0,Hybrid,Male
E12340,5,Senior Associate,2019-01-01,,True,1767000,1.93,2,0,Remote,Female
E12341,1,Analyst,2026-01-05,,True,735000,3.2,3,0,Onsite,Female
E12342,1,Analyst,2021-06-03,,True,784000,2.33,3,0,Onsite,Other
E12343,2,VP,2025-06-14,,True,5930000,2.93,2,0,Hybrid,Male
E12344,7,Analyst,2019-01-01,,True,649000,1.4,4,0,Onsite,Female
E12345,5,Analyst,2022-02-28,,True,650000,3.5,5,1,Onsite,Male
E12346,5,Analyst,2021-09-21,,True,821000,2.8,4,1,Onsite,Male
E12347,2,Analyst,2025-08-28,,True,716000,3.64,4,0,Onsite,Female
E12348,4,Associate,2024-07-03,,True,980000,2.46,3,1,Onsite,Male
E12349,1,Manager,2023-03-22,,True,2439000,3.66,3,0,Remote,Male
E12350,4,Associate,2021-06-29,,True,959000,3.31,3,1,Onsite,Male
E12351,7,Associate,2026-02-15,,True,986000,4.65,4,0,Onsite,Male
E12352,4,Senior Associate,2019-01-01,,True,1524000,4.59,5,0,Remote,Male
E12353,6,Associate,2019-01-01,,True,1016000,4.15,4,0,Hybrid,Male
E12354,5,Senior Manager,2025-06-04,,True,3204000,3.37,4,1,Hybrid,Male
E12355,1,Senior Manager,2020-08-08,,True,2953000,4.99,4,0,Hybrid,Male
E12356,7,Analyst,2024-01-04,2024-08-27,False,726000,2.51,3,0,Hybrid,Female
E12357,1,Manager,2024-05-21,,True,2524000,2.62,3,0,Remote,Female
E12358,3,Associate,2025-03-19,,True,1210000,3.54,2,1,Hybrid,Male
E12359,1,VP,2023-07-15,2025-05-09,False,7733000,5.0,2,2,Remote,Male
E12360,1,Associate,2022-01-14,,True,1203000,3.46,4,0,Hybrid,Female
E12361,2,VP,2024-09-11,,True,7146000,3.47,3,0,Onsite,Male
E12362,1,Manager,2023-02-13,2024-02-22,False,2365000,2.59,3,2,Remote,Male
E12363,2,Analyst,2022-05-28,,True,767000,4.26,3,0,Hybrid,Female
E12364,4,Senior Associate,2022-04-08,,True,1704000,4.27,3,0,Remote,Male
E12365,1,VP,2026-04-26,,True,7104000,4.15,3,1,Onsite,Male
E12366,1,Senior Manager,2019-10-22,,True,2723000,3.16,3,1,Onsite,Male
E12367,4,Analyst,2024-05-30,,True,828000,3.11,3,1,Remote,Male
E12368,2,Senior Associate,2025-06-18,,True,1691000,2.69,4,0,Onsite,Male
E12369,5,Associate,2025-07-22,,True,1187000,3.66,3,2,Remote,Female
E12370,5,Analyst,2024-04-01,,True,677000,2.84,4,0,Remote,Female
E12371,6,Associate,2019-01-28,,True,995000,2.78,4,1,Remote,Male
E12372,5,Analyst,2024-11-17,,True,702000,3.3,4,0,Hybrid,Other
E12373,2,Manager,2021-10-12,,True,2263000,3.26,4,1,Hybrid,Female
E12374,5,Associate,2026-02-25,2026-04-09,False,947000,3.22,3,1,Remote,Male
E12375,1,Manager,2024-04-18,2025-05-24,False,2173000,3.93,2,1,Hybrid,Male
E12376,1,Analyst,2019-01-01,,True,675000,3.66,3,1,Hybrid,Male
E12377,5,Associate,2021-06-26,2025-01-01,False,993000,3.4,3,2,Remote,Female
E12378,2,Analyst,2025-09-10,,True,803000,3.73,5,0,Hybrid,Male
E12379,5,Analyst,2024-02-16,,True,839000,2.91,4,1,Remote,Female
E12380,6,Analyst,2025-08-04,,True,636000,3.67,2,1,Onsite,Male
E12381,6,Analyst,2024-09-14,2025-03-26,False,769000,3.71,2,0,Onsite,Male
E12382,7,Senior Associate,2021-05-04,,True,1323000,2.55,3,0,Hybrid,Male
E12383,2,Associate,2021-06-22,,True,930000,4.3,4,0,Onsite,Female
E12384,1,Associate,2025-08-13,,True,1147000,2.98,4,0,Hybrid,Male
E12385,4,Associate,2019-01-01,,True,1157000,3.66,4,1,Onsite,Male
E12386,2,Senior Manager,2023-06-10,,True,3436000,4.42,5,4,Remote,Male
E12387,4,Senior Manager,2024-11-14,2026-06-13,False,3091000,4.25,3,1,Onsite,Female
E12388,5,Associate,2024-02-15,,True,1201000,3.62,3,0,Onsite,Female
E12389,5,Associate,2023-05-02,,True,958000,3.35,3,1,Onsite,Male
E12390,2,Analyst,2023-09-14,,True,691000,4.26,3,2,Hybrid,Female
E12391,1,Director,2024-03-24,,True,3978000,4.07,5,0,Onsite,Male
E12392,2,Analyst,2024-02-08,,True,825000,3.17,3,1,Onsite,Male
E12393,1,Associate,2025-11-02,,True,980000,3.04,4,1,Hybrid,Male
E12394,7,Associate,2020-10-16,,True,954000,2.15,3,1,Onsite,Male
E12395,2,Associate,2023-11-03,,True,1118000,3.71,1,0,Onsite,Male
E12396,1,Analyst,2026-01-08,,True,649000,3.54,2,0,Hybrid,Female
E12397,1,Manager,2021-07-19,,True,1923000,4.4,3,0,Onsite,Female
E12398,5,Analyst,2019-01-01,,True,656000,3.85,4,1,Onsite,Female
E12399,4,Senior Associate,2019-01-01,,True,1305000,4.53,3,0,Onsite,Female
